"","structure.c.0..0.1..0.2..0.3..0.4..0.5..0.6..0.7..0.8..0.9..1..","c.19.18..19.74..20.275..20.8..21.325..21.87..22.385..22.895..","c.4.386..5.78..7.27..8.65925..10.0865..11.444..12.48875..13.616..","c.28.0505..28.29025..28.52025..28.76025..28.9705..29.2005..29.4305..","c.27.445..27.705..27.98..28.23..28.48..28.72..28.98..29.23..29.49..","c.18.67775..19.22..19.84..20.44875..21.0475..21.63625..22.098..","c.31.47125..31.66125..31.85125..32.051..32.25075..32.45025..32.65..","c.23.795..24.22..24.645..25.06..25.47..25.88..26.28..26.645..","c..0.23125..0.9675..2.13625..3.2755..4.4045..5.5035..6.58275..","c.34.67375..34.84325..35.00325..35.163..35.3425..35.54125..35.74025.."
"1",0,19.18,4.386,28.0505,27.445,18.67775,31.47125,23.795,-0.23125,34.67375
"2",0.1,19.74,5.78,28.29025,27.705,19.22,31.66125,24.22,0.9675,34.84325
"3",0.2,20.275,7.27,28.52025,27.98,19.84,31.85125,24.645,2.13625,35.00325
"4",0.3,20.8,8.65925,28.76025,28.23,20.44875,32.051,25.06,3.2755,35.163
"5",0.4,21.325,10.0865,28.9705,28.48,21.0475,32.25075,25.47,4.4045,35.3425
"6",0.5,21.87,11.444,29.2005,28.72,21.63625,32.45025,25.88,5.5035,35.54125
"7",0.6,22.385,12.48875,29.4305,28.98,22.098,32.65,26.28,6.58275,35.74025
"8",0.7,22.895,13.616,29.6605,29.23,22.549,32.85025,26.645,7.554,35.9105
"9",0.8,23.39,14.74325,29.90025,29.49,23.06625,33.051,27.02,8.4665,36.06175
"10",0.9,23.865,15.6695,30.14,29.75,23.54625,33.2515,27.405,9.35875,36.2225
"11",1,24.33,16.755,30.37,30,23.9975,33.45125,27.8,10.279,36.37275
"12",1.1,24.8,17.778,30.6,30.26,24.44875,33.661,28.175,11.29825,36.53275
"13",1.2,25.27,18.908,30.83,30.51,24.88975,33.8705,28.54,12.34525,36.68275
"14",1.3,25.72,19.909,31.06,30.8,25.36,34.08,28.895,13.3625,36.833
"15",1.4,26.16,20.8595,31.28025,31.035,25.83,34.28025,29.255,14.35025,36.993
"16",1.5,26.595,21.67975,31.51025,31.285,26.27,34.47,29.645,15.3285,37.18225
"17",1.6,27.03,22.58825,31.7405,31.54,26.6795,34.66,30.01,16.21875,37.38125
"18",1.7,27.465,23.3485,31.96075,31.805,27.13775,34.84025,30.35,17.0595,37.5705
"19",1.8,27.89,24.1185,32.1805,32.055,27.58675,35.0205,30.695,17.89,37.75025
"20",1.9,28.32,24.79925,32.40025,32.32,28.03575,35.21075,31.05,18.70075,37.90125
"21",2,28.74,25.45,32.63075,32.57,28.436,35.43,31.395,19.4915,38.06175
"22",2.1,29.16,26.04975,32.851,32.85,28.82625,35.63175,31.745,20.22325,38.25175
"23",2.2,29.545,26.7085,33.12025,33.105,29.20675,35.85175,32.075,20.91575,38.44175
"24",2.3,29.95,27.3295,33.34075,33.36,29.58875,36.0605,32.425,21.58825,38.64125
"25",2.4,30.345,27.92975,33.54075,33.61,30.0785,36.27,32.77,22.2795,38.83125
"26",2.5,30.74,28.55875,33.72175,33.885,30.49,36.45075,33.09,23.01725,39.021
"27",2.6,31.14,29.08925,33.94175,34.14,30.90925,36.6505,33.415,23.7355,39.21075
"28",2.7,31.535,29.5695,34.1705,34.395,31.36,36.86,33.74,24.444,39.40075
"29",2.8,31.91,30.02825,34.41025,34.66,31.63975,37.04025,34.07,25.1375,39.58075
"30",2.9,32.265,30.44,34.6305,34.89,32.018,37.23,34.4,25.84925,39.7705
"31",3,32.635,30.93975,34.89,35.15,32.37,37.42,34.73,26.4895,39.9405
"32",3.1,33.01,31.42975,35.12025,35.41,32.77925,37.6005,35.03,27.137,40.0815
"33",3.2,33.39,31.82975,35.34,35.65,33.07,37.8,35.32,27.77475,40.27125
"34",3.3,33.74,32.2795,35.59025,35.9,33.4085,38.01,35.65,28.404,40.4805
"35",3.4,34.1,32.739,35.82,36.125,33.69925,38.1905,35.98,28.94675,40.67025
"36",3.5,34.44,33.109,36.0305,36.38,34.05875,38.35125,36.275,29.47975,40.8505
"37",3.6,34.78,33.4895,36.27025,36.62,34.3995,38.50225,36.615,30.1,41.02075
"38",3.7,35.1,33.82975,36.51,36.86,34.66975,38.68225,36.89,30.71,41.191
"39",3.8,35.43,34.2,36.75025,37.09,34.99975,38.891,37.185,31.32,41.36075
"40",3.9,35.75,34.52975,36.99025,37.33,35.32,39.10025,37.465,31.89975,41.53025
"41",4,36.06,34.8795,37.23,37.575,35.6,39.2715,37.74,32.44,41.69025
"42",4.1,36.37,35.21975,37.48,37.815,35.87975,39.4905,38.015,33.00925,41.84075
"43",4.2,36.67,35.5,37.75,38.04,36.2085,39.70025,38.295,33.49975,42.0205
"44",4.3,36.96,35.82925,38.07,38.28,36.48825,39.88025,38.57,34.0585,42.20025
"45",4.4,37.25,36.08925,38.37025,38.53,36.71925,40.06025,38.84,34.54875,42.39075
"46",4.5,37.54,36.35975,38.62,38.76,36.97,40.25025,39.11,35.0385,42.57
"47",4.6,37.81,36.64975,38.95,38.98,37.26925,40.44,39.38,35.50875,42.7205
"48",4.7,38.09,36.9,39.20025,39.21,37.5685,40.61025,39.645,35.97875,42.8705
"49",4.8,38.36,37.14,39.48075,39.46,37.819,40.8,39.925,36.3895,43.07075
"50",4.9,38.63,37.40975,39.75025,39.695,38.0695,41.03025,40.195,36.78975,43.27
"51",5,38.89,37.63975,40.03,39.93,38.3395,41.23,40.46,37.16,43.40125
"52",5.1,39.15,37.86975,40.30025,40.17,38.59,41.44075,40.73,37.59975,43.54175
"53",5.2,39.39,38.09,40.5605,40.41,38.86,41.66025,40.985,38.01,43.682
"54",5.3,39.64,38.3295,40.8305,40.62,39.13,41.86,41.24,38.42875,43.8415
"55",5.4,39.89,38.55925,41.1115,40.855,39.4,42.08025,41.49,38.78975,43.9915
"56",5.5,40.135,38.779,41.391,41.08,39.6595,42.29,41.735,39.17975,44.15125
"57",5.6,40.38,38.9895,41.67075,41.31,39.92975,42.5,41.96,39.55775,44.34025
"58",5.7,40.62,39.19,41.95,41.53,40.2,42.74025,42.22,39.89,44.49025
"59",5.8,40.86,39.41,42.2,41.75,40.46,42.9505,42.45,40.29775,44.641
"60",5.9,41.09,39.6,42.4205,41.97,40.67,43.16,42.685,40.62875,44.8105
"61",6,41.315,39.81975,42.67,42.185,40.88975,43.33075,42.93,40.95,44.98075
"62",6.1,41.54,40.0395,42.92025,42.41,41.15975,43.54025,43.155,41.30975,45.13175
"63",6.2,41.76,40.2,43.1705,42.63,41.41,43.75025,43.39,41.6495,45.33175
"64",6.3,41.975,40.4095,43.42025,42.84,41.63,43.95075,43.63,41.95925,45.5305
"65",6.4,42.185,40.6,43.65025,43.05,41.84975,44.18,43.87,42.27,45.73
"66",6.5,42.41,40.76975,43.86075,43.265,42.08925,44.41025,44.1,42.55925,45.93
"67",6.6,42.62,40.94975,44.10025,43.47,42.29975,44.601,44.335,42.81975,46.12025
"68",6.7,42.825,41.08,44.34025,43.67,42.56875,44.821,44.56,43.0995,46.30025
"69",6.8,43.01,41.23975,44.58,43.88,42.76,45.06,44.78,43.35,46.45075
"70",6.9,43.21,41.41975,44.81,44.095,42.94,45.3,45.005,43.61975,46.6105
"71",7,43.41,41.6095,45.03,44.31,43.11,45.51,45.24,43.8795,46.781
"72",7.1,43.615,41.78875,45.27025,44.525,43.3095,45.73,45.46,44.09,46.961
"73",7.2,43.8,41.91,45.491,44.73,43.50975,45.94,45.68,44.33,47.1605
"74",7.3,43.995,42.039,45.7605,44.93,43.73975,46.16,45.89,44.60975,47.35025
"75",7.4,44.2,42.15875,46.02025,45.13,43.93925,46.37,46.095,44.8395,47.5105
"76",7.5,44.38,42.25975,46.23,45.34,44.14,46.57025,46.3,45.08,47.7115
"77",7.6,44.56,42.38925,46.43025,45.53,44.36975,46.78025,46.51,45.32,47.89
"78",7.7,44.745,42.5,46.67,45.74,44.56875,46.99025,46.72,45.54,48.07025
"79",7.8,44.93,42.6285,46.91,45.95,44.74875,47.1905,46.93,45.76,48.26025
"80",7.9,45.11,42.71,47.14,46.15,44.95975,47.3905,47.13,45.97925,48.46025
"81",8,45.28,42.84,47.36,46.35,45.13,47.5905,47.335,46.18925,48.6305
"82",8.1,45.46,42.95,47.59025,46.56,45.31975,47.81025,47.54,46.3895,48.81025
"83",8.2,45.625,43.05,47.80025,46.76,45.51925,48,47.72,46.598,48.95175
"84",8.3,45.805,43.1495,48.00075,46.96,45.68975,48.18,47.92,46.7695,49.16025
"85",8.4,45.99,43.2395,48.22075,47.18,45.84975,48.37025,48.12,46.98,49.37
"86",8.5,46.16,43.339,48.44025,47.375,46.02,48.57025,48.31,47.15,49.55025
"87",8.6,46.33,43.38,48.64025,47.58,46.16975,48.77025,48.5,47.37,49.74025
"88",8.7,46.485,43.459,48.84025,47.785,46.33,48.96025,48.68,47.5695,49.94
"89",8.8,46.655,43.53725,49.03075,47.98,46.5,49.17,48.88,47.7395,50.12
"90",8.9,46.815,43.59725,49.2205,48.165,46.67,49.41,49.06,47.90975,50.32
"91",9,46.97,43.649,49.40025,48.37,46.84,49.6305,49.23,48.07,50.53
"92",9.1,47.11,43.7295,49.58025,48.575,47.01,49.84,49.415,48.23,50.73
"93",9.2,47.265,43.83,49.76075,48.77,47.18,50.0205,49.6,48.38,50.93
"94",9.3,47.41,43.9,49.941,48.97,47.34,50.24025,49.775,48.53,51.11025
"95",9.4,47.555,43.97,50.141,49.16,47.5095,50.45,49.96,48.68975,51.29075
"96",9.5,47.7,44.04,50.3505,49.35,47.6695,50.64025,50.13,48.85,51.46075
"97",9.6,47.85,44.1,50.5505,49.54,47.81975,50.83,50.305,49.01,51.65025
"98",9.7,47.99,44.17,50.74025,49.73,47.98975,51.04,50.48,49.16,51.8105
"99",9.8,48.135,44.23,50.92025,49.93,48.1395,51.26,50.65,49.31,51.97075
"100",9.9,48.28,44.29,51.0905,50.12,48.289,51.48,50.8,49.45975,52.1405
"101",10,48.43,44.3695,51.2505,50.32,48.44875,51.68,50.96,49.6,52.31
"102",10.1,48.555,44.47825,51.4105,50.52,48.57,51.8805,51.12,49.74975,52.48
"103",10.2,48.675,44.5675,51.5705,50.69,48.70925,52.0905,51.28,49.88975,52.64025
"104",10.3,48.8,44.6175,51.74,50.87,48.83,52.31025,51.435,50.0395,52.81
"105",10.4,48.94,44.658,51.8905,51.06,48.95,52.53,51.59,50.18,52.95075
"106",10.5,49.06,44.69825,52.042,51.24,49.08,52.75,51.75,50.31975,53.0905
"107",10.6,49.18,44.72875,52.26125,51.44,49.22875,52.98,51.9,50.45975,53.26075
"108",10.7,49.3,44.75,52.47,51.64,49.37775,53.20025,52.045,50.59975,53.42125
"109",10.8,49.43,44.80925,52.6605,51.83,49.5075,53.42,52.2,50.73975,53.58075
"110",10.9,49.55,44.8495,52.822,52.01,49.62725,53.62025,52.34,50.87,53.7405
"111",11,49.685,44.88,52.9925,52.2,49.7575,53.83,52.48,51.0195,53.91
"112",11.1,49.83,44.93,53.1815,52.39,49.888,54.03025,52.63,51.14975,54.04025
"113",11.2,49.935,44.97,53.37075,52.57,49.989,54.24,52.77,51.28,54.2205
"114",11.3,50.07,45.01975,53.5505,52.76,50.09,54.45,52.92,51.41975,54.40025
"115",11.4,50.17,45.0595,53.73075,52.94,50.22,54.65025,53.07,51.56975,54.58
"116",11.5,50.28,45.10875,53.9105,53.12,50.37,54.85025,53.21,51.69975,54.73
"117",11.6,50.385,45.14925,54.0705,53.305,50.50975,55.0405,53.35,51.82975,54.88
"118",11.7,50.5,45.1895,54.2305,53.48,50.6495,55.27025,53.49,51.9695,55.03025
"119",11.8,50.61,45.22,54.40025,53.66,50.789,55.5,53.62,52.08975,55.17075
"120",11.9,50.715,45.2595,54.58075,53.84,50.86975,55.7105,53.755,52.2095,55.3205
"121",12,50.825,45.26975,54.76075,54.01,50.968,55.92125,53.89,52.3395,55.49075
"122",12.1,50.91,45.28,54.93025,54.19,51.05825,56.1215,54.035,52.4695,55.72
"123",12.2,51,45.29975,55.1005,54.37,51.13975,56.33125,54.165,52.57925,55.8805
"124",12.3,51.095,45.31975,55.27025,54.525,51.26,56.54125,54.3,52.70925,56.03025
"125",12.4,51.185,45.3395,55.4505,54.705,51.4,56.7705,54.43,52.82975,56.18025
"126",12.5,51.29,45.35925,55.64075,54.885,51.53,56.99,54.56,52.9595,56.33175
"127",12.6,51.38,45.36925,55.8305,55.07,51.66,57.20025,54.68,53.0695,56.4815
"128",12.7,51.46,45.389,56.02025,55.26,51.77,57.4205,54.8,53.1995,56.66025
"129",12.8,51.55,45.399,56.20025,55.435,51.86975,57.65025,54.93,53.2995,56.84
"130",12.9,51.655,45.41925,56.40025,55.62,51.9595,57.88,55.05,53.40925,56.99
"131",13,51.74,45.42975,56.57,55.81,52.04925,58.11,55.17,53.5485,57.13075
"132",13.1,51.825,45.45,56.74025,55.98,52.1195,58.33025,55.29,53.63925,57.33
"133",13.2,51.9,45.46975,56.94,56.15,52.1895,58.55,55.41,53.73,57.4705
"134",13.3,51.99,45.49925,57.1105,56.32,52.25,58.78,55.52,53.83975,57.64075
"135",13.4,52.08,45.529,57.29,56.49,52.32975,58.96025,55.64,53.93,57.82025
"136",13.5,52.185,45.539,57.47075,56.67,52.3995,59.14075,55.75,54.02,57.98025
"137",13.6,52.275,45.549,57.67,56.83,52.46975,59.341,55.85,54.13925,58.16025
"138",13.7,52.355,45.559,57.84075,57,52.58,59.5605,55.96,54.2495,58.34025
"139",13.8,52.44,45.569,58.02125,57.18,52.70975,59.79,56.065,54.34975,58.52
"140",13.9,52.525,45.579,58.21075,57.34,52.8385,60.04,56.17,54.45975,58.7
"141",14,52.6,45.57925,58.39025,57.51,52.928,60.29,56.295,54.56,58.88025
"142",14.1,52.685,45.58925,58.5605,57.68,53.00775,60.52,56.405,54.6495,59.05075
"143",14.2,52.75,45.59925,58.75,57.83,53.0875,60.71,56.5,54.72975,59.231
"144",14.3,52.82,45.5995,58.88075,58.01,53.16725,60.91,56.61,54.77975,59.4015
"145",14.4,52.895,45.60975,59.07025,58.17,53.23875,61.11,56.72,54.85,59.581
"146",14.5,52.965,45.61975,59.24075,58.34,53.3295,61.3,56.82,54.93975,59.76025
"147",14.6,53.04,45.6395,59.4215,58.48,53.40925,61.5,56.92,55.02,59.92075
"148",14.7,53.1,45.66875,59.61175,58.645,53.47925,61.69,57.02,55.1,60.10075
"149",14.8,53.17,45.6885,59.8115,58.805,53.559,61.88,57.12,55.19975,60.29075
"150",14.9,53.235,45.708,60.0005,58.975,53.62875,62.07075,57.22,55.3095,60.48
"151",15,53.3,45.72775,60.161,59.13,53.69875,62.2715,57.32,55.40875,60.66
"152",15.1,53.36,45.74725,60.301,59.29,53.7685,62.46225,57.41,55.48825,60.8305
"153",15.2,53.43,45.767,60.4605,59.445,53.82875,62.65275,57.505,55.5385,61.01025
"154",15.3,53.49,45.78675,60.63075,59.605,53.88875,62.84325,57.595,55.57925,61.1515
"155",15.4,53.555,45.80625,60.821,59.76,53.9585,63.0435,57.68,55.62,61.312
"156",15.5,53.63,45.826,61.0015,59.915,54.0185,63.26325,57.765,55.68925,61.4725
"157",15.6,53.71,45.8455,61.191,60.07,54.0785,63.47325,57.86,55.73975,61.63275
"158",15.7,53.79,45.86525,61.37025,60.23,54.1385,63.69325,57.945,55.7995,61.793
"159",15.8,53.86,45.885,61.5505,60.39,54.1985,63.90325,58.03,55.87925,61.94325
"160",15.9,53.905,45.9045,61.731,60.53,54.2585,64.123,58.14,55.959,62.1035
"161",16,53.965,45.9145,61.92125,60.68,54.30875,64.333,58.23,56.02925,62.2735
"162",16.1,54.01,45.93425,62.10175,60.83,54.3685,64.543,58.32,56.08975,62.43375
"163",16.2,54.065,45.944,62.2815,60.98,54.41875,64.753,58.42,56.13975,62.6035
"164",16.3,54.14,45.94425,62.461,61.14,54.4785,64.9725,58.49,56.19,62.76325
"165",16.4,54.2,45.954,62.64,61.315,54.52875,65.1825,58.57,56.23975,62.92275
"166",16.5,54.275,45.95425,62.7615,61.47,54.5885,65.3925,58.68,56.27975,63.0825
"167",16.6,54.355,45.964,62.88275,61.61,54.6385,65.6025,58.76,56.3295,63.25175
"168",16.7,54.425,45.96425,63.0525,61.77,54.6885,65.8125,58.86,56.3695,63.4105
"169",16.8,54.47,45.96425,63.232,61.92,54.7385,66.0225,58.955,56.40925,63.56025
"170",16.9,54.525,45.9645,63.4115,62.07,54.78875,66.23225,59.045,56.44925,63.72025
"171",17,54.58,45.97425,63.591,62.215,54.83875,66.452,59.13,56.4795,63.89
"172",17.1,54.635,45.9745,63.76075,62.385,54.8885,66.67125,59.21,56.49975,64.0305
"173",17.2,54.7,45.9745,63.95025,62.52,54.9385,66.89075,59.285,56.53,64.171
"174",17.3,54.745,45.97475,64.12125,62.66,54.9885,67.11,59.37,56.56975,64.3505
"175",17.4,54.8,45.9845,64.302,62.8,55.02875,67.3,59.45,56.6195,64.52025
"176",17.5,54.86,45.98475,64.4825,62.94,55.079,67.49,59.53,56.63,64.681
"177",17.6,54.915,45.98475,64.65275,63.09,55.1195,67.69,59.62,56.65975,64.841
"178",17.7,54.96,45.98475,64.8325,63.25,55.16975,67.9,59.695,56.68975,65.001
"179",17.8,55.01,45.985,65.0025,63.42,55.21975,68.11025,59.77,56.72,65.151
"180",17.9,55.045,45.99475,65.1825,63.59,55.2795,68.32075,59.85,56.76,65.3105
"181",18,55.095,45.99475,65.36225,63.74,55.339,68.52125,59.925,56.79975,65.46025
"182",18.1,55.14,45.995,65.53225,63.89,55.38875,68.7315,60,56.83,65.6205
"183",18.2,55.19,45.995,65.70225,64.035,55.44825,68.9415,60.07,56.86975,65.771
"184",18.3,55.23,45.995,65.882,64.185,55.50775,69.1515,60.14,56.89975,65.93125
"185",18.4,55.275,45.99525,66.052,64.34,55.5575,69.371,60.21,56.9395,66.08175
"186",18.5,55.305,46.005,66.222,64.5,55.617,69.581,60.29,56.9695,66.2325
"187",18.6,55.355,46.005,66.41075,64.65,55.66675,69.8005,60.37,56.9995,66.38275
"188",18.7,55.405,46.00525,66.571,64.81,55.72625,70.02,60.43,57.039,66.54275
"189",18.8,55.445,46.00525,66.7415,64.96,55.776,70.21025,60.5,57.069,66.693
"190",18.9,55.49,46.00525,66.911,65.105,55.8355,70.43,60.59,57.099,66.84325
"191",19,55.535,46.00525,67.0805,65.24,55.885,70.64,60.66,57.12875,66.99325
"192",19.1,55.575,46.0055,67.25,65.36,55.93475,70.85,60.735,57.15875,67.1435
"193",19.2,55.615,46.0055,67.4005,65.5,55.9845,71.06,60.8,57.189,67.29375
"194",19.3,55.665,46.0055,67.551,65.67,56.04375,71.28,60.88,57.219,67.44375
"195",19.4,55.71,46.01525,67.71125,65.815,56.0935,71.49,60.945,57.249,67.594
"196",19.5,55.75,46.01525,67.88125,65.97,56.14325,71.7,61.01,57.26925,67.74425
"197",19.6,55.79,46.0155,68.05125,66.13,56.193,71.91025,61.075,57.29925,67.8845
"198",19.7,55.83,46.0155,68.22125,66.28,56.243,72.12025,61.135,57.3195,68.0345
"199",19.8,55.865,46.0155,68.3815,66.435,56.29275,72.33025,61.195,57.33975,68.1845
"200",19.9,55.895,46.0155,68.55125,66.585,56.3425,72.55,61.265,57.36,68.33425
"201",20,55.93,46.01575,68.721,66.73,56.38275,72.76,61.325,57.39,68.4745
"202",20.1,55.95,46.01575,68.89075,66.87,56.40325,72.97,61.405,57.41,68.62425
"203",20.2,55.975,46.016,69.05075,67.005,56.4335,73.18,61.475,57.43,68.77425
"204",20.3,56,46.016,69.2205,67.15,56.454,73.39,61.535,57.45,68.924
"205",20.4,56.045,46.01625,69.39025,67.285,56.48425,73.6,61.595,57.47,69.07375
"206",20.5,56.07,46.026,69.55,67.42,56.50475,73.81,61.665,57.49,69.22375
"207",20.6,56.1,46.02625,69.71025,67.53,56.52525,74.02,61.72,57.51,69.3735
"208",20.7,56.13,46.0265,69.87025,67.675,56.5555,74.23,61.78,57.53,69.5135
"209",20.8,56.18,46.0265,70.02075,67.83,56.576,74.44,61.84,57.55,69.66325
"210",20.9,56.22,46.02675,70.18075,67.97,56.5965,74.65,61.905,57.57,69.813
"211",21,56.245,46.02675,70.34075,68.115,56.617,74.86,61.96,57.59,69.96275
"212",21.1,56.27,46.027,70.49125,68.255,56.6375,75.07,62.02,57.61,70.1125
"213",21.2,56.295,46.02725,70.65125,68.385,56.65775,75.28,62.085,57.62,70.2525
"214",21.3,56.32,46.02725,70.8015,68.52,56.67825,75.49,62.135,57.64,70.40225
"215",21.4,56.36,46.0275,70.96125,68.66,56.69875,75.7,62.19,57.66,70.552
"216",21.5,56.39,46.0275,71.11125,68.81,56.719,75.9,62.24,57.68,70.692
"217",21.6,56.415,46.02775,71.26125,68.97,56.7395,76.11,62.28,57.69,70.8415
"218",21.7,56.435,46.02775,71.421,69.125,56.76,76.32,62.32,57.71,70.9815
"219",21.8,56.46,46.028,71.57075,69.26,56.78,76.53,62.37,57.72,71.13125
"220",21.9,56.485,46.028,71.74025,69.4,56.8,76.74,62.42,57.74,71.271
"221",22,56.51,46.02825,71.9005,69.54,56.82,76.95,62.49,57.76,71.42075
"222",22.1,56.53,46.02825,72.0415,69.68,56.84,77.15,62.54,57.77,71.5605
"223",22.2,56.55,46.0285,72.192,69.815,56.85,77.36,62.585,57.79,71.7005
"224",22.3,56.57,46.0285,72.33225,69.94,56.87,77.57,62.635,57.8,71.84025
"225",22.4,56.6,46.02875,72.4825,70.06,56.89,77.78,62.69,57.81,71.98025
"226",22.5,56.62,46.02875,72.6325,70.185,56.91,77.98,62.75,57.83,72.13
"227",22.6,56.64,46.02875,72.7825,70.335,56.92,78.19,62.815,57.84,72.27025
"228",22.7,56.66,46.03875,72.9325,70.49,56.94,78.4,62.865,57.85,72.41075
"229",22.8,56.675,46.03875,73.0825,70.635,56.96,78.6,62.92,57.87,72.551
"230",22.9,56.69,46.039,73.22275,70.78,56.97,78.81,62.97,57.88,72.69125
"231",23,56.715,46.039,73.37275,70.905,56.99,79.02,63.02,57.89,72.83175
"232",23.1,56.735,46.039,73.52275,71.025,57,79.23,63.08,57.91,72.972
"233",23.2,56.76,46.03925,73.702,71.145,57.02,79.44,63.14,57.92,73.11225
"234",23.3,56.785,46.03925,73.88125,71.275,57.03,79.66,63.195,57.93,73.2525
"235",23.4,56.805,46.0395,74.0605,71.405,57.05,79.87,63.25,57.94,73.393
"236",23.5,56.82,46.0395,74.2305,71.54,57.06,80.09,63.3,57.95,73.53325
"237",23.6,56.845,46.0395,74.38075,71.68,57.08,80.3,63.355,57.97,73.6735
"238",23.7,56.87,46.03975,74.521,71.81,57.09,80.52,63.4,57.98,73.804
"239",23.8,56.895,46.03975,74.67075,71.94,57.1,80.73,63.46,57.99,73.94425
"240",23.9,56.91,46.03975,74.82075,72.07,57.12,80.94,63.51,58,74.0845
"241",24,56.935,46.04,74.99,72.2,57.13975,81.13,63.545,58.01,74.22475
"242",24.1,56.95,46.04,75.14075,72.325,57.1595,81.31,63.59,58.02,74.3555
"243",24.2,56.965,46.04,75.28125,72.45,57.18925,81.5,63.635,58.03,74.49575
"244",24.3,56.985,46.04,75.43075,72.585,57.209,81.69,63.685,58.04,74.62625
"245",24.4,57.015,46.04,75.5705,72.71,57.22875,81.89,63.735,58.05,74.7665
"246",24.5,57.045,46.04,75.71025,72.845,57.23875,82.09,63.78,58.06,74.89675
"247",24.6,57.065,46.04,75.8405,72.955,57.249,82.3,63.82,58.07,75.03675
"248",24.7,57.08,46.04,75.97075,73.06,57.24925,82.5,63.86,58.08,75.16675
"249",24.8,57.1,46.04,76.1205,73.17,57.25925,82.7,63.905,58.09,75.297
"250",24.9,57.115,46.04,76.2605,73.29,57.26925,82.91,63.95,58.1,75.43675
"251",25,57.125,46.04,76.41025,73.415,57.2695,83.11,63.995,58.1,75.56675
"252",25.1,57.145,46.04,76.57,73.54,57.2795,83.31,64.04,58.11,75.697
"253",25.2,57.155,46.04,76.71075,73.655,57.2895,83.52,64.085,58.12,75.83675
"254",25.3,57.17,46.04,76.85125,73.77,57.28975,83.72,64.12,58.13,75.96675
"255",25.4,57.185,46.04,76.992,73.885,57.29975,83.92,64.155,58.14,76.09675
"256",25.5,57.195,46.04,77.13275,74,57.31,84.13,64.195,58.15,76.227
"257",25.6,57.205,46.04,77.27325,74.11,57.32,84.33,64.23,58.15,76.357
"258",25.7,57.25,46.04,77.40425,74.22,57.33,84.53,64.27,58.16,76.487
"259",25.8,57.265,46.04,77.54475,74.325,57.34,84.74,64.31,58.17,76.617
"260",25.9,57.285,46.04,77.695,74.44,57.35,84.95,64.365,58.18,76.747
"261",26,57.295,46.04,77.865,74.545,57.35,85.15,64.41,58.18,76.877
"262",26.1,57.31,46.04,78.025,74.655,57.36,85.36,64.445,58.19,77.007
"263",26.2,57.34,46.04,78.19425,74.76,57.37975,85.56,64.48,58.2,77.137
"264",26.3,57.37,46.04,78.35375,74.88,57.38975,85.75,64.52,58.2,77.267
"265",26.4,57.385,46.04,78.52325,74.99,57.4095,85.94,64.565,58.21,77.397
"266",26.5,57.4,46.04,78.68275,75.105,57.4195,86.14,64.6,58.22,77.527
"267",26.6,57.42,46.04,78.852,75.23,57.4295,86.34,64.64,58.22,77.64725
"268",26.7,57.435,46.04,79.0115,75.35,57.44925,86.54,64.68,58.23,77.777
"269",26.8,57.45,46.04,79.18075,75.465,57.45925,86.75,64.72,58.24,77.907
"270",26.9,57.46,46.04,79.34025,75.59,57.469,86.95,64.745,58.24,78.02725
"271",27,57.46,46.04,79.50025,75.72,57.48875,87.15,64.775,58.25,78.157
"272",27.1,57.47,46.04,79.6405,75.81,57.49875,87.35,64.8,58.26,78.287
"273",27.2,57.48,46.04,79.7805,75.945,57.50875,87.55,64.83,58.26,78.417
"274",27.3,57.49,46.04,79.9205,76.07,57.51875,87.75,64.86,58.27,78.5565
"275",27.4,57.49,46.04,80.0605,76.19,57.5385,87.95,64.9,58.27,78.706
"276",27.5,57.5,46.04,80.19075,76.305,57.5485,88.15,64.95,58.28,78.8455
"277",27.6,57.51,46.04,80.33075,76.425,57.5585,88.34,64.99,58.28,78.98525
"278",27.7,57.51,46.04,80.47075,76.53,57.5685,88.54,65.03,58.29,79.1345
"279",27.8,57.52,46.04,80.61075,76.62,57.5785,88.74,65.065,58.29,79.27425
"280",27.9,57.54,46.04,80.75075,76.7,57.5885,88.94,65.095,58.3,79.41375
"281",28,57.555,46.04,80.881,76.79,57.5985,89.14,65.13,58.3,79.563
"282",28.1,57.565,46.04,81.021,76.87,57.61825,89.34,65.165,58.31,79.70275
"283",28.2,57.565,46.04,81.161,76.95,57.62825,89.54,65.2,58.31,79.84225
"284",28.3,57.575,46.04,81.291,77.04,57.63825,89.74,65.235,58.32,79.98175
"285",28.4,57.585,46.04,81.431,77.155,57.64825,89.93,65.265,58.32,80.12125
"286",28.5,57.59,46.04,81.571,77.285,57.65825,90.13,65.29,58.33,80.27025
"287",28.6,57.6,46.04,81.70125,77.42,57.66825,90.33,65.315,58.33,80.3905
"288",28.7,57.61,46.04,81.841,77.545,57.67825,90.53,65.35,58.34,80.53025
"289",28.8,57.625,46.04,81.97125,77.68,57.68825,90.73,65.385,58.34,80.6605
"290",28.9,57.635,46.04,82.111,77.79,57.69825,90.92025,65.415,58.34,80.781
"291",29,57.645,46.04,82.24125,77.895,57.70825,91.12025,65.455,58.35,80.931
"292",29.1,57.655,46.04,82.37125,77.995,57.71825,91.32,65.495,58.35,81.071
"293",29.2,57.665,46.04,82.51125,78.1,57.728,91.51,65.53,58.36,81.22075
"294",29.3,57.665,46.04,82.64125,78.2,57.738,91.71,65.55,58.36,81.3705
"295",29.4,57.675,46.04,82.7715,78.31,57.748,91.91,65.575,58.36,81.5105
"296",29.5,57.68,46.04,82.91125,78.415,57.758,92.1,65.6,58.37,81.66
"297",29.6,57.685,46.04,83.051,78.535,57.75825,92.3,65.64,58.37,81.7705
"298",29.7,57.69,46.04,83.2105,78.655,57.76825,92.5,65.675,58.38,81.87075
"299",29.8,57.695,46.04,83.36025,78.77,57.778,92.69,65.7,58.38,81.971
"300",29.9,57.7,46.04,83.49075,78.89,57.788,92.89,65.725,58.38,82.081
"301",30,57.71,46.04,83.63125,79.005,57.798,93.09,65.75,58.39,82.2105
"302",30.1,57.71,46.04,83.762,79.11,57.808,93.28,65.775,58.39,82.34025
"303",30.2,57.72,46.04,83.89275,79.215,57.81775,93.48,65.8,58.4,82.451
"304",30.3,57.73,46.04,84.02325,79.315,57.818,93.67,65.83,58.4,82.552
"305",30.4,57.74,46.04,84.16375,79.41,57.828,93.87,65.85,58.41,82.66275
"306",30.5,57.745,46.04,84.30425,79.515,57.83775,94.06,65.87,58.41,82.7735
"307",30.6,57.75,46.04,84.45425,79.62,57.84775,94.26,65.895,58.42,82.87425
"308",30.7,57.755,46.04,84.6045,79.735,57.848,94.45,65.93,58.42,82.984
"309",30.8,57.76,46.04,84.75475,79.845,57.85775,94.65,65.955,58.43,83.08425
"310",30.9,57.765,46.04,84.895,79.935,57.86775,94.84,65.98,58.43,83.19425
"311",31,57.77,46.04,85.04525,80.04,57.87775,95.04,66,58.44,83.29425
"312",31.1,57.78,46.04,85.19525,80.13,57.87775,95.23,66.03,58.45,83.40425
"313",31.2,57.785,46.04,85.33575,80.23,57.88775,95.42,66.05,58.45,83.50425
"314",31.3,57.795,46.04,85.48575,80.34,57.89775,95.62,66.075,58.45,83.61425
"315",31.4,57.81,46.04,85.62625,80.46,57.9075,95.81,66.095,58.46,83.71425
"316",31.5,57.82,46.04,85.77625,80.57,57.90775,96.01,66.125,58.46,83.8145
"317",31.6,57.825,46.04,85.91675,80.68,57.91775,96.2,66.145,58.47,83.92425
"318",31.7,57.835,46.04,86.06675,80.8,57.9275,96.39,66.17,58.47,84.02425
"319",31.8,57.845,46.04,86.20725,80.91,57.92775,96.59,66.19,58.48,84.13425
"320",31.9,57.855,46.04,86.35725,81.02,57.9375,96.78,66.22,58.48,84.244
"321",32,57.865,46.04,86.49775,81.14,57.9475,96.97,66.25,58.49,84.35375
"322",32.1,57.865,46.04,86.66725,81.25,57.9475,97.16,66.28,58.49,84.46375
"323",32.2,57.875,46.04,86.83675,81.36,57.9575,97.36,66.31,58.5,84.5735
"324",32.3,57.88,46.04,86.99475,81.48,57.96725,97.55,66.33,58.5,84.68325
"325",32.4,57.89,46.04,87.16225,81.585,57.9675,97.74,66.36,58.5,84.793
"326",32.5,57.895,46.04,87.3105,81.69,57.9775,97.93,66.385,58.51,84.90275
"327",32.6,57.9,46.04,87.383,81.79,57.9775,98.13,66.395,58.51,85.0125
"328",32.7,57.905,46.04,87.50425,81.885,57.9875,98.32,66.41,58.51975,85.12225
"329",32.8,57.915,46.04,87.645,81.98,57.99725,98.51,66.435,58.51975,85.232
"330",32.9,57.915,46.04,87.7855,82.075,57.9975,98.7,66.45,58.51975,85.36125
"331",33,57.925,46.04,87.92625,82.16,58.00725,98.89,66.475,58.52,85.4905
"332",33.1,57.93,46.04,88.07675,82.245,58.0075,99.08,66.495,58.52,85.61
"333",33.2,57.93,46.04,88.2175,82.33,58.01725,99.28,66.52,58.52,85.71075
"334",33.3,57.94,46.04,88.3575,82.42,58.01725,99.47,66.54,58.52975,85.80175
"335",33.4,57.945,46.04,88.497,82.52,58.02725,99.66,66.55,58.52975,85.9025
"336",33.5,57.95,46.04,88.6365,82.59,58.02725,99.84025,66.57,58.52975,86.00325
"337",33.6,57.955,46.04,88.776,82.67,58.03725,100.03025,66.58,58.53,86.10375
"338",33.7,57.965,46.04,88.9155,82.75,58.03725,100.22025,66.595,58.53,86.19475
"339",33.8,57.97,46.04,89.055,82.82,58.04725,100.41025,66.61,58.53,86.2955
"340",33.9,57.975,46.04,89.1945,82.925,58.04725,100.61,66.635,58.53,86.406
"341",34,57.985,46.04,89.334,83.035,58.05725,100.81,66.66,58.53,86.5065
"342",34.1,57.99,46.04,89.4735,83.14,58.05725,101.01,66.68,58.53,86.617
"343",34.2,57.995,46.04,89.613,83.235,58.067,101.2,66.705,58.54,86.71775
"344",34.3,58,46.04,89.7525,83.32,58.06725,101.4,66.72,58.54,86.828
"345",34.4,58.005,46.04,89.892,83.4,58.077,101.6,66.74,58.54,86.92875
"346",34.5,58.015,46.04,90.0315,83.48,58.07725,101.8,66.755,58.54,87.02925
"347",34.6,58.02,46.04,90.171,83.58,58.07725,101.99,66.775,58.54,87.13975
"348",34.7,58.025,46.04,90.31025,83.685,58.087,102.19,66.79,58.54,87.2405
"349",34.8,58.03,46.04,90.44,83.78,58.08725,102.39,66.805,58.54,87.341
"350",34.9,58.035,46.04,90.5605,83.86,58.08725,102.59,66.82,58.54,87.44175
"351",35,58.04,46.04,90.681,83.94,58.08725,102.79,66.83,58.54975,87.552
"352",35.1,58.04,46.04,90.79175,84.025,58.09725,102.99,66.84,58.54975,87.65275
"353",35.2,58.045,46.04,90.91175,84.105,58.09725,103.19,66.855,58.55,87.75325
"354",35.3,58.045,46.04,91.022,84.19,58.0975,103.39,66.87,58.55,87.854
"355",35.4,58.055,46.04,91.14175,84.265,58.0975,103.59,66.88,58.55,87.9545
"356",35.5,58.06,46.04,91.26175,84.35,58.0975,103.79,66.9,58.55,88.05525
"357",35.6,58.06,46.04,91.37175,84.43,58.1075,103.99,66.915,58.55,88.15575
"358",35.7,58.065,46.04,91.49175,84.51,58.1075,104.19,66.93,58.55,88.25625
"359",35.8,58.065,46.04,91.60175,84.595,58.1075,104.39,66.945,58.55975,88.357
"360",35.9,58.07,46.04,91.72175,84.67,58.10775,104.59,66.965,58.55975,88.4575
"361",36,58.075,46.04,91.83175,84.735,58.10775,104.79,66.975,58.55975,88.558
"362",36.1,58.08,46.04,91.942,84.805,58.1175,104.99,66.99,58.55975,88.65875
"363",36.2,58.08,46.04,92.06175,84.875,58.1175,105.19,67.005,58.55975,88.75925
"364",36.3,58.08,46.04,92.17175,84.945,58.11775,105.39,67.025,58.55975,88.85975
"365",36.4,58.09,46.04,92.282,85.02,58.11775,105.59,67.04,58.55975,88.95075
"366",36.5,58.09,46.04,92.392,85.09,58.11775,105.79,67.055,58.56,89.05125
"367",36.6,58.1,46.04,92.51175,85.16,58.12775,105.98,67.07,58.56,89.15175
"368",36.7,58.105,46.04,92.622,85.235,58.12775,106.18,67.085,58.56,89.25225
"369",36.8,58.11,46.04,92.732,85.3,58.12775,106.38,67.1,58.56975,89.34325
"370",36.9,58.115,46.04,92.842,85.365,58.128,106.58,67.12,58.56975,89.44375
"371",37,58.12,46.04,92.952,85.465,58.128,106.78,67.14,58.56975,89.54425
"372",37.1,58.125,46.04,93.062,85.555,58.128,106.98,67.155,58.56975,89.635
"373",37.2,58.13,46.04,93.182,85.64,58.13775,107.17,67.18,58.56975,89.7355
"374",37.3,58.135,46.04,93.292,85.74,58.138,107.36,67.195,58.56975,89.836
"375",37.4,58.14,46.04,93.402,85.825,58.138,107.54,67.21,58.56975,89.956
"376",37.5,58.145,46.04,93.512,85.91,58.138,107.7205,67.23,58.56975,90.07625
"377",37.6,58.15,46.04,93.61225,85.995,58.138,107.91075,67.245,58.56975,90.19625
"378",37.7,58.155,46.04,93.72225,86.08,58.13825,108.09125,67.255,58.56975,90.31625
"379",37.8,58.17,46.04,93.83225,86.16,58.13825,108.27175,67.27,58.56975,90.43625
"380",37.9,58.17,46.04,93.94225,86.24,58.148,108.45225,67.28,58.56975,90.5465
"381",38,58.18,46.04,94.052,86.32,58.148,108.64225,67.29,58.5795,90.6665
"382",38.1,58.18,46.04,94.162,86.405,58.14825,108.8325,67.3,58.5795,90.7865
"383",38.2,58.18,46.04,94.272,86.49,58.14825,109.02275,67.31,58.57975,90.9065
"384",38.3,58.19,46.04,94.37225,86.56,58.14825,109.22275,67.33,58.57975,91.0265
"385",38.4,58.19,46.04,94.48225,86.62,58.14825,109.413,67.34,58.57975,91.1465
"386",38.5,58.19,46.04,94.59225,86.68,58.14825,109.613,67.35,58.57975,91.2665
"387",38.6,58.2,46.04,94.69225,86.74,58.15825,109.80325,67.36,58.57975,91.3865
"388",38.7,58.2,46.04,94.80225,86.805,58.15825,109.9935,67.37,58.57975,91.50625
"389",38.8,58.2,46.04,94.91225,86.87,58.15825,110.1935,67.38,58.57975,91.6165
"390",38.9,58.21,46.04,95.01225,86.95,58.15825,110.38375,67.39,58.57975,91.7365
"391",39,58.21,46.04,95.12225,87.035,58.1585,110.574,67.4,58.57975,91.8565
"392",39.1,58.21,46.04,95.2225,87.12,58.1585,110.77375,67.41,58.57975,91.9765
"393",39.2,58.22,46.04,95.33225,87.2,58.1585,110.964,67.42,58.57975,92.08675
"394",39.3,58.22,46.04,95.4325,87.29,58.1585,111.15425,67.43,58.57975,92.2065
"395",39.4,58.22,46.04,95.54225,87.38,58.1585,111.34425,67.44,58.57975,92.3265
"396",39.5,58.23,46.04,95.6425,87.47,58.1685,111.54425,67.45,58.57975,92.4465
"397",39.6,58.23,46.04,95.75225,87.555,58.1685,111.7345,67.46,58.57975,92.55675
"398",39.7,58.235,46.04,95.8525,87.645,58.1685,111.93425,67.47,58.5895,92.67675
"399",39.8,58.24,46.04,95.9525,87.735,58.1685,112.13425,67.48,58.5895,92.7965
"400",39.9,58.245,46.04,96.06225,87.81,58.1685,112.334,67.49,58.5895,92.90675
"401",40,58.245,46.04,96.1625,87.9,58.16875,112.534,67.5,58.5895,93.026
"402",40.1,58.25,46.04,96.2625,87.99,58.16875,112.734,67.51,58.5895,93.14525
"403",40.2,58.255,46.04,96.3725,88.07,58.16875,112.93375,67.52,58.5895,93.2545
"404",40.3,58.255,46.04,96.48225,88.155,58.16875,113.13375,67.53,58.5895,93.37375
"405",40.4,58.26,46.04,96.6115,88.23,58.169,113.3335,67.54,58.5895,93.493
"406",40.5,58.265,46.04,96.731,88.31,58.17875,113.5335,67.55,58.5895,93.60225
"407",40.6,58.265,46.04,96.8605,88.385,58.17875,113.73325,67.56,58.5895,93.7215
"408",40.7,58.265,46.04,96.98,88.46,58.179,113.93325,67.57,58.5895,93.83075
"409",40.8,58.265,46.04,97.08,88.53,58.179,114.133,67.58,58.5895,93.95
"410",40.9,58.27,46.04,97.18,88.6,58.179,114.333,67.58,58.58975,94.05925
"411",41,58.27,46.04,97.28,88.67,58.179,114.53275,67.59,58.58975,94.17825
"412",41.1,58.27,46.04,97.38,88.75,58.17925,114.73275,67.6,58.58975,94.28775
"413",41.2,58.27,46.04,97.48,88.84,58.17925,114.9325,67.61,58.58975,94.40675
"414",41.3,58.275,46.04,97.58,88.915,58.17925,115.1325,67.62,58.58975,94.51625
"415",41.4,58.28,46.04,97.68,88.99,58.17925,115.33225,67.635,58.58975,94.63525
"416",41.5,58.28,46.04,97.78,89.065,58.1795,115.53225,67.645,58.58975,94.7445
"417",41.6,58.28,46.04,97.88,89.14,58.18925,115.732,67.655,58.58975,94.8635
"418",41.7,58.285,46.04,97.9805,89.215,58.18925,115.932,67.665,58.58975,94.973
"419",41.8,58.29,46.04,98.0815,89.295,58.18925,116.13175,67.67,58.58975,95.092
"420",41.9,58.29,46.04,98.18225,89.38,58.1895,116.33175,67.68,58.58975,95.22075
"421",42,58.29,46.04,98.28325,89.465,58.1895,116.5315,67.685,58.5995,95.3495
"422",42.1,58.295,46.04,98.38425,89.555,58.1895,116.73125,67.69,58.5995,95.47825
"423",42.2,58.3,46.04,98.485,89.64,58.1895,116.93125,67.7,58.5995,95.60725
"424",42.3,58.3,46.04,98.586,89.715,58.18975,117.131,67.71,58.5995,95.72625
"425",42.4,58.3,46.04,98.67725,89.79,58.18975,117.331,67.72,58.5995,95.855
"426",42.5,58.3,46.04,98.778,89.865,58.18975,117.53075,67.73,58.5995,95.98375
"427",42.6,58.31,46.04,98.879,89.93,58.18975,117.7305,67.735,58.5995,96.1125
"428",42.7,58.31,46.04,98.98,89.995,58.19,117.93,67.74,58.5995,96.24125
"429",42.8,58.31,46.04,99.071,90.055,58.19,118.12,67.745,58.5995,96.36025
"430",42.9,58.315,46.04,99.172,90.115,58.19,118.31,67.755,58.5995,96.451
"431",43,58.315,46.04,99.263,90.175,58.19975,118.49,67.765,58.5995,96.53225
"432",43.1,58.32,46.04,99.3635,90.235,58.19975,118.68,67.77,58.5995,96.6135
"433",43.2,58.32,46.04,99.464,90.295,58.2,118.87,67.775,58.5995,96.68475
"434",43.3,58.325,46.04,99.55475,90.365,58.2,119.05,67.785,58.5995,96.77575
"435",43.4,58.325,46.04,99.6845,90.435,58.2,119.24,67.785,58.5995,96.88625
"436",43.5,58.325,46.04,99.82375,90.5,58.2,119.42,67.795,58.5995,97.00625
"437",43.6,58.335,46.04,99.96325,90.56,58.2,119.61,67.8,58.5995,97.11675
"438",43.7,58.335,46.04,100.1125,90.62,58.2,119.79,67.81,58.5995,97.22725
"439",43.8,58.335,46.04,100.252,90.68,58.2,119.98,67.82,58.5995,97.33775
"440",43.9,58.335,46.04,100.3915,90.74,58.2,120.17,67.825,58.5995,97.448
"441",44,58.34,46.04,100.53075,90.8,58.2,120.35,67.835,58.5995,97.5585
"442",44.1,58.345,46.04,100.67025,90.865,58.2,120.54,67.845,58.5995,97.669
"443",44.2,58.345,46.04,100.80975,90.93,58.2,120.7005,67.845,58.5995,97.77925
"444",44.3,58.345,46.04,100.94925,90.99,58.2,120.871,67.85,58.5995,97.8995
"445",44.4,58.35,46.04,101.0885,91.045,58.2,121.0315,67.855,58.5995,98.01
"446",44.5,58.35,46.04,101.228,91.105,58.2,121.202,67.86,58.5995,98.12025
"447",44.6,58.35,46.04,101.3675,91.165,58.2,121.3625,67.865,58.5995,98.23075
"448",44.7,58.355,46.04,101.50675,91.23,58.2,121.53275,67.865,58.5995,98.341
"449",44.8,58.36,46.04,101.64625,91.285,58.2,121.6935,67.875,58.5995,98.4515
"450",44.9,58.36,46.04,101.7855,91.345,58.21,121.8735,67.88,58.5995,98.562
"451",45,58.36,46.04,101.925,91.405,58.21,122.07325,67.885,58.5995,98.67225
"452",45.1,58.36,46.04,102.06425,91.46,58.21,122.263,67.895,58.5995,98.78275
"453",45.2,58.365,46.04,102.20375,91.52,58.21,122.453,67.895,58.5995,98.89325
"454",45.3,58.37,46.04,102.34325,91.58,58.21,122.64275,67.905,58.5995,99.0035
"455",45.4,58.37,46.04,102.4825,91.635,58.21,122.8325,67.905,58.5995,99.114
"456",45.5,58.375,46.04,102.622,91.695,58.21,123.0225,67.915,58.5995,99.22425
"457",45.6,58.375,46.04,102.76125,91.755,58.21,123.21225,67.92,58.5995,99.325
"458",45.7,58.38,46.04,102.9005,91.84,58.21,123.402,67.925,58.5995,99.43525
"459",45.8,58.385,46.04,103.04,91.925,58.21,123.592,67.93,58.5995,99.54575
"460",45.9,58.385,46.04,103.15075,92.005,58.21,123.78175,67.935,58.5995,99.656
"461",46,58.385,46.04,103.27125,92.06,58.21,123.9715,67.945,58.5995,99.7665
"462",46.1,58.395,46.04,103.382,92.11,58.21,124.1615,67.945,58.5995,99.877
"463",46.2,58.395,46.04,103.5025,92.16,58.21,124.35125,67.955,58.5995,99.98725
"464",46.3,58.395,46.04,103.61325,92.215,58.21,124.541,67.955,58.5995,100.09775
"465",46.4,58.4,46.04,103.724,92.27,58.21,124.73075,67.965,58.60925,100.19825
"466",46.5,58.4,46.04,103.8445,92.325,58.21,124.92075,67.965,58.60925,100.30875
"467",46.6,58.405,46.04,103.95525,92.375,58.21,125.1105,67.975,58.60925,100.419
"468",46.7,58.41,46.04,104.06575,92.43,58.21,125.31,67.975,58.60925,100.5295
"469",46.8,58.41,46.04,104.1765,92.48,58.21,125.49,67.985,58.60925,100.63
"470",46.9,58.41,46.04,104.297,92.53,58.21,125.67,67.985,58.60925,100.7405
"471",47,58.415,46.04,104.40775,92.57,58.21,125.86,67.99,58.60925,100.85075
"472",47.1,58.415,46.04,104.5185,92.62,58.21,126.04,67.995,58.60925,100.961
"473",47.2,58.42,46.04,104.62925,92.67,58.21,126.22,68,58.60925,101.06175
"474",47.3,58.42,46.04,104.74,92.725,58.21,126.4,68.01,58.60925,101.172
"475",47.4,58.425,46.04,104.86025,92.775,58.21,126.58,68.015,58.60925,101.2825
"476",47.5,58.425,46.04,104.971,92.83,58.21,126.76,68.025,58.60925,101.39275
"477",47.6,58.425,46.04,105.08175,92.885,58.22,126.95,68.025,58.6095,101.4935
"478",47.7,58.43,46.04,105.1925,92.94,58.22,127.13,68.035,58.6095,101.60375
"479",47.8,58.43,46.04,105.30325,93.01,58.22,127.31,68.035,58.6095,101.7045
"480",47.9,58.43,46.04,105.41375,93.08,58.22,127.49,68.04,58.6095,101.81475
"481",48,58.43,46.04,105.5245,93.15,58.22,127.67,68.04,58.6095,101.925
"482",48.1,58.43,46.04,105.63525,93.21,58.22,127.85,68.04,58.6095,102.0255
"483",48.2,58.43,46.04,105.746,93.265,58.22,128.0105,68.05,58.6095,102.13525
"484",48.3,58.435,46.04,105.8565,93.32,58.22,128.171,68.05,58.6095,102.2355
"485",48.4,58.435,46.04,105.96725,93.38,58.22,128.34125,68.055,58.6095,102.34525
"486",48.5,58.435,46.04,106.078,93.445,58.22,128.531,68.06,58.6095,102.45525
"487",48.6,58.44,46.04,106.18875,93.51,58.22,128.711,68.06,58.6095,102.55525
"488",48.7,58.44,46.04,106.29925,93.575,58.22,128.90075,68.07,58.6095,102.665
"489",48.8,58.44,46.04,106.41,93.635,58.22,129.08075,68.07,58.6095,102.76525
"490",48.9,58.44,46.04,106.52075,93.7,58.22,129.26075,68.075,58.6095,102.875
"491",49,58.44,46.04,106.63125,93.76,58.22,129.4505,68.08,58.6095,102.97525
"492",49.1,58.44,46.04,106.742,93.81,58.22,129.6305,68.08,58.6095,103.085
"493",49.2,58.44,46.04,106.85275,93.865,58.22,129.82025,68.09,58.6095,103.185
"494",49.3,58.44,46.04,106.9535,93.92,58.22,130.00025,68.09,58.6095,103.29475
"495",49.4,58.44,46.04,107.06425,93.98,58.22,130.19,68.095,58.6095,103.395
"496",49.5,58.45,46.04,107.175,94.03,58.22,130.37,68.1,58.6095,103.495
"497",49.6,58.45,46.04,107.2855,94.085,58.22,130.56,68.1,58.6095,103.60475
"498",49.7,58.45,46.04,107.39625,94.135,58.22,130.74,68.11,58.6095,103.70475
"499",49.8,58.45,46.04,107.497,94.19,58.22,130.92,68.11,58.6095,103.81475
"500",49.9,58.45,46.04,107.60775,94.245,58.22,131.11,68.11,58.6095,103.91475
"501",50,58.46,46.04,107.7185,94.295,58.22,131.29,68.12,58.6095,104.01475
