tow,region,DATE,Year,Month,Length_CM,Frequency
s38224,Meob,25/08/2004,2004,8,16,0
s38224,Meob,25/08/2004,2004,8,17,0
s38224,Meob,25/08/2004,2004,8,18,0
s38224,Meob,25/08/2004,2004,8,19,0
s38224,Meob,25/08/2004,2004,8,20,0
s38224,Meob,25/08/2004,2004,8,21,1
s38224,Meob,25/08/2004,2004,8,22,1
s38224,Meob,25/08/2004,2004,8,23,0
s38224,Meob,25/08/2004,2004,8,24,0
s38224,Meob,25/08/2004,2004,8,25,1
s38224,Meob,25/08/2004,2004,8,26,0
s38224,Meob,25/08/2004,2004,8,27,1
s38224,Meob,25/08/2004,2004,8,28,1
s38224,Meob,25/08/2004,2004,8,29,0
s38224,Meob,25/08/2004,2004,8,30,0
s38224,Meob,25/08/2004,2004,8,31,0
s38224,Meob,25/08/2004,2004,8,32,4
s38224,Meob,25/08/2004,2004,8,33,2
s38224,Meob,25/08/2004,2004,8,34,8
s38224,Meob,25/08/2004,2004,8,35,23
s38224,Meob,25/08/2004,2004,8,36,29
s38224,Meob,25/08/2004,2004,8,37,35
s38224,Meob,25/08/2004,2004,8,38,30
s38224,Meob,25/08/2004,2004,8,39,21
s38224,Meob,25/08/2004,2004,8,40,14
s38224,Meob,25/08/2004,2004,8,41,12
s38224,Meob,25/08/2004,2004,8,42,15
s38224,Meob,25/08/2004,2004,8,43,17
s38224,Meob,25/08/2004,2004,8,44,6
s38224,Meob,25/08/2004,2004,8,45,3
s38224,Meob,25/08/2004,2004,8,46,4
s38224,Meob,25/08/2004,2004,8,47,5
s38224,Meob,25/08/2004,2004,8,48,4
s38224,Meob,25/08/2004,2004,8,49,4
s38224,Meob,25/08/2004,2004,8,50,0
s38224,Meob,25/08/2004,2004,8,51,1
s38224,Meob,25/08/2004,2004,8,52,1
s38224,Meob,25/08/2004,2004,8,53,1
s38224,Meob,25/08/2004,2004,8,54,0
s38224,Meob,25/08/2004,2004,8,55,0
s38224,Meob,25/08/2004,2004,8,56,0
s38224,Meob,25/08/2004,2004,8,57,0
s38224,Meob,25/08/2004,2004,8,58,1
s38224,Meob,25/08/2004,2004,8,59,0
s38224,Meob,25/08/2004,2004,8,60,0
s38224,Meob,25/08/2004,2004,8,61,0
s38224,Meob,25/08/2004,2004,8,62,0
s38224,Meob,16/11/2004,2004,11,16,0
s38224,Meob,16/11/2004,2004,11,17,0
s38307,Meob,16/11/2004,2004,11,18,0
s38307,Meob,16/11/2004,2004,11,19,1
s38307,Meob,16/11/2004,2004,11,20,1
s38307,Meob,16/11/2004,2004,11,21,8
s38307,Meob,16/11/2004,2004,11,22,10
s38307,Meob,16/11/2004,2004,11,23,26
s38307,Meob,16/11/2004,2004,11,24,28
s38307,Meob,16/11/2004,2004,11,25,22
s38307,Meob,16/11/2004,2004,11,26,33
s38307,Meob,16/11/2004,2004,11,27,11
s38307,Meob,16/11/2004,2004,11,28,2
s38307,Meob,16/11/2004,2004,11,29,4
s38307,Meob,16/11/2004,2004,11,30,4
s38307,Meob,16/11/2004,2004,11,31,3
s38307,Meob,16/11/2004,2004,11,32,7
s38307,Meob,16/11/2004,2004,11,33,27
s38307,Meob,16/11/2004,2004,11,34,64
s38307,Meob,16/11/2004,2004,11,35,115
s38307,Meob,16/11/2004,2004,11,36,144
s38307,Meob,16/11/2004,2004,11,37,176
s38307,Meob,16/11/2004,2004,11,38,217
s38307,Meob,16/11/2004,2004,11,39,217
s38307,Meob,16/11/2004,2004,11,40,215
s38307,Meob,16/11/2004,2004,11,41,177
s38307,Meob,16/11/2004,2004,11,42,174
s38307,Meob,16/11/2004,2004,11,43,115
s38307,Meob,16/11/2004,2004,11,44,87
s38307,Meob,16/11/2004,2004,11,45,69
s38307,Meob,16/11/2004,2004,11,46,57
s38307,Meob,16/11/2004,2004,11,47,31
s38307,Meob,16/11/2004,2004,11,48,22
s38307,Meob,16/11/2004,2004,11,49,22
s38307,Meob,16/11/2004,2004,11,50,11
s38307,Meob,16/11/2004,2004,11,51,8
s38307,Meob,16/11/2004,2004,11,52,8
s38307,Meob,16/11/2004,2004,11,53,0
s38307,Meob,16/11/2004,2004,11,54,6
s38307,Meob,16/11/2004,2004,11,55,4
s38307,Meob,16/11/2004,2004,11,56,3
s38307,Meob,16/11/2004,2004,11,57,3
s38307,Meob,16/11/2004,2004,11,58,2
s38307,Meob,16/11/2004,2004,11,59,0
s38307,Meob,16/11/2004,2004,11,60,1
s38307,Meob,16/11/2004,2004,11,61,1
s38307,Meob,16/11/2004,2004,11,62,0
s38307,Meob,16/11/2004,2004,11,69,1
s38307,Meob,14/12/2004,2004,12,16,0
s38307,Meob,14/12/2004,2004,12,17,0
s38307,Meob,14/12/2004,2004,12,18,0
s38307,Meob,14/12/2004,2004,12,19,0
s38335,Meob,14/12/2004,2004,12,20,0
s38335,Meob,14/12/2004,2004,12,21,0
s38335,Meob,14/12/2004,2004,12,22,0
s38335,Meob,14/12/2004,2004,12,23,0
s38335,Meob,14/12/2004,2004,12,24,0
s38335,Meob,14/12/2004,2004,12,25,0
s38335,Meob,14/12/2004,2004,12,26,2
s38335,Meob,14/12/2004,2004,12,27,0
s38335,Meob,14/12/2004,2004,12,28,1
s38335,Meob,14/12/2004,2004,12,29,1
s38335,Meob,14/12/2004,2004,12,30,2
s38335,Meob,14/12/2004,2004,12,31,0
s38335,Meob,14/12/2004,2004,12,32,2
s38335,Meob,14/12/2004,2004,12,33,5
s38335,Meob,14/12/2004,2004,12,34,5
s38335,Meob,14/12/2004,2004,12,35,6
s38335,Meob,14/12/2004,2004,12,36,21
s38335,Meob,14/12/2004,2004,12,37,24
s38335,Meob,14/12/2004,2004,12,38,12
s38335,Meob,14/12/2004,2004,12,39,14
s38335,Meob,14/12/2004,2004,12,40,18
s38335,Meob,14/12/2004,2004,12,41,9
s38335,Meob,14/12/2004,2004,12,42,7
s38335,Meob,14/12/2004,2004,12,43,4
s38335,Meob,14/12/2004,2004,12,44,4
s38335,Meob,14/12/2004,2004,12,45,5
s38335,Meob,14/12/2004,2004,12,46,6
s38335,Meob,14/12/2004,2004,12,47,4
s38335,Meob,14/12/2004,2004,12,48,2
s38335,Meob,14/12/2004,2004,12,49,8
s38335,Meob,14/12/2004,2004,12,50,2
s38335,Meob,14/12/2004,2004,12,51,3
s38335,Meob,14/12/2004,2004,12,52,2
s38335,Meob,14/12/2004,2004,12,53,1
s38335,Meob,14/12/2004,2004,12,54,0
s38335,Meob,14/12/2004,2004,12,55,1
s38335,Meob,14/12/2004,2004,12,56,0
s38335,Meob,14/12/2004,2004,12,57,2
s38335,Meob,14/12/2004,2004,12,58,1
s38335,Meob,14/12/2004,2004,12,59,0
s38335,Meob,14/12/2004,2004,12,60,0
s38335,Meob,14/12/2004,2004,12,61,0
s38335,Meob,14/12/2004,2004,12,62,0
s38335,Meob,10/03/2005,2005,3,16,0
s38335,Meob,10/03/2005,2005,3,17,0
s38335,Meob,10/03/2005,2005,3,18,0
s38335,Meob,10/03/2005,2005,3,19,0
s38335,Meob,10/03/2005,2005,3,20,0
s38335,Meob,10/03/2005,2005,3,21,1
s38427,Meob,10/03/2005,2005,3,22,0
s38427,Meob,10/03/2005,2005,3,23,0
s38427,Meob,10/03/2005,2005,3,24,0
s38427,Meob,10/03/2005,2005,3,25,2
s38427,Meob,10/03/2005,2005,3,26,1
s38427,Meob,10/03/2005,2005,3,27,1
s38427,Meob,10/03/2005,2005,3,28,6
s38427,Meob,10/03/2005,2005,3,29,4
s38427,Meob,10/03/2005,2005,3,30,3
s38427,Meob,10/03/2005,2005,3,31,2
s38427,Meob,10/03/2005,2005,3,32,2
s38427,Meob,10/03/2005,2005,3,33,1
s38427,Meob,10/03/2005,2005,3,34,3
s38427,Meob,10/03/2005,2005,3,35,6
s38427,Meob,10/03/2005,2005,3,36,8
s38427,Meob,10/03/2005,2005,3,37,5
s38427,Meob,10/03/2005,2005,3,38,9
s38427,Meob,10/03/2005,2005,3,39,7
s38427,Meob,10/03/2005,2005,3,40,15
s38427,Meob,10/03/2005,2005,3,41,9
s38427,Meob,10/03/2005,2005,3,42,16
s38427,Meob,10/03/2005,2005,3,43,9
s38427,Meob,10/03/2005,2005,3,44,7
s38427,Meob,10/03/2005,2005,3,45,8
s38427,Meob,10/03/2005,2005,3,46,5
s38427,Meob,10/03/2005,2005,3,47,3
s38427,Meob,10/03/2005,2005,3,48,6
s38427,Meob,10/03/2005,2005,3,49,7
s38427,Meob,10/03/2005,2005,3,50,4
s38427,Meob,10/03/2005,2005,3,51,4
s38427,Meob,10/03/2005,2005,3,52,2
s38427,Meob,10/03/2005,2005,3,53,3
s38427,Meob,10/03/2005,2005,3,54,2
s38427,Meob,10/03/2005,2005,3,55,1
s38427,Meob,10/03/2005,2005,3,56,2
s38427,Meob,10/03/2005,2005,3,57,1
s38427,Meob,10/03/2005,2005,3,58,3
s38427,Meob,10/03/2005,2005,3,59,0
s38427,Meob,10/03/2005,2005,3,60,0
s38427,Meob,10/03/2005,2005,3,61,0
s38427,Meob,10/03/2005,2005,3,62,0
s38427,Meob,10/03/2005,2005,3,64,1
s38427,Meob,10/03/2005,2005,3,67,1
s38427,Meob,24/08/2005,2005,8,16,0
s38427,Meob,24/08/2005,2005,8,17,0
s38427,Meob,24/08/2005,2005,8,18,0
s38427,Meob,24/08/2005,2005,8,19,0
s38427,Meob,24/08/2005,2005,8,20,0
s38427,Meob,24/08/2005,2005,8,21,0
s38427,Meob,24/08/2005,2005,8,22,0
s38427,Meob,24/08/2005,2005,8,23,0
s38580,Meob,24/08/2005,2005,8,24,0
s38580,Meob,24/08/2005,2005,8,25,0
s38580,Meob,24/08/2005,2005,8,26,1
s38580,Meob,24/08/2005,2005,8,27,1
s38580,Meob,24/08/2005,2005,8,28,0
s38580,Meob,24/08/2005,2005,8,29,8
s38580,Meob,24/08/2005,2005,8,30,8
s38580,Meob,24/08/2005,2005,8,31,3
s38580,Meob,24/08/2005,2005,8,32,0
s38580,Meob,24/08/2005,2005,8,33,2
s38580,Meob,24/08/2005,2005,8,34,6
s38580,Meob,24/08/2005,2005,8,35,7
s38580,Meob,24/08/2005,2005,8,36,14
s38580,Meob,24/08/2005,2005,8,37,19
s38580,Meob,24/08/2005,2005,8,38,23
s38580,Meob,24/08/2005,2005,8,39,16
s38580,Meob,24/08/2005,2005,8,40,26
s38580,Meob,24/08/2005,2005,8,41,16
s38580,Meob,24/08/2005,2005,8,42,21
s38580,Meob,24/08/2005,2005,8,43,16
s38580,Meob,24/08/2005,2005,8,44,8
s38580,Meob,24/08/2005,2005,8,45,7
s38580,Meob,24/08/2005,2005,8,46,9
s38580,Meob,24/08/2005,2005,8,47,3
s38580,Meob,24/08/2005,2005,8,48,1
s38580,Meob,24/08/2005,2005,8,49,3
s38580,Meob,24/08/2005,2005,8,50,1
s38580,Meob,24/08/2005,2005,8,51,3
s38580,Meob,24/08/2005,2005,8,52,1
s38580,Meob,24/08/2005,2005,8,53,1
s38580,Meob,24/08/2005,2005,8,54,1
s38580,Meob,24/08/2005,2005,8,55,1
s38580,Meob,24/08/2005,2005,8,56,0
s38580,Meob,24/08/2005,2005,8,57,1
s38580,Meob,24/08/2005,2005,8,58,0
s38580,Meob,24/08/2005,2005,8,59,0
s38580,Meob,24/08/2005,2005,8,60,0
s38580,Meob,24/08/2005,2005,8,61,0
s38580,Meob,24/08/2005,2005,8,62,0
s38580,Meob,24/08/2005,2005,8,65,1
s38580,Meob,25/10/2005,2005,10,16,0
s38580,Meob,25/10/2005,2005,10,17,0
s38580,Meob,25/10/2005,2005,10,18,0
s38580,Meob,25/10/2005,2005,10,19,0
s38580,Meob,25/10/2005,2005,10,20,0
s38580,Meob,25/10/2005,2005,10,21,0
s38580,Meob,25/10/2005,2005,10,22,1
s38580,Meob,25/10/2005,2005,10,23,1
s38580,Meob,25/10/2005,2005,10,24,2
s38580,Meob,25/10/2005,2005,10,25,1
s38642,Meob,25/10/2005,2005,10,26,7
s38642,Meob,25/10/2005,2005,10,27,15
s38642,Meob,25/10/2005,2005,10,28,13
s38642,Meob,25/10/2005,2005,10,29,20
s38642,Meob,25/10/2005,2005,10,30,6
s38642,Meob,25/10/2005,2005,10,31,2
s38642,Meob,25/10/2005,2005,10,32,3
s38642,Meob,25/10/2005,2005,10,33,2
s38642,Meob,25/10/2005,2005,10,34,2
s38642,Meob,25/10/2005,2005,10,35,9
s38642,Meob,25/10/2005,2005,10,36,10
s38642,Meob,25/10/2005,2005,10,37,15
s38642,Meob,25/10/2005,2005,10,38,24
s38642,Meob,25/10/2005,2005,10,39,27
s38642,Meob,25/10/2005,2005,10,40,21
s38642,Meob,25/10/2005,2005,10,41,30
s38642,Meob,25/10/2005,2005,10,42,33
s38642,Meob,25/10/2005,2005,10,43,24
s38642,Meob,25/10/2005,2005,10,44,16
s38642,Meob,25/10/2005,2005,10,45,15
s38642,Meob,25/10/2005,2005,10,46,10
s38642,Meob,25/10/2005,2005,10,47,13
s38642,Meob,25/10/2005,2005,10,48,6
s38642,Meob,25/10/2005,2005,10,49,5
s38642,Meob,25/10/2005,2005,10,50,1
s38642,Meob,25/10/2005,2005,10,51,2
s38642,Meob,25/10/2005,2005,10,52,0
s38642,Meob,25/10/2005,2005,10,53,0
s38642,Meob,25/10/2005,2005,10,54,0
s38642,Meob,25/10/2005,2005,10,55,0
s38642,Meob,25/10/2005,2005,10,56,0
s38642,Meob,25/10/2005,2005,10,57,0
s38642,Meob,25/10/2005,2005,10,58,0
s38642,Meob,25/10/2005,2005,10,59,0
s38642,Meob,25/10/2005,2005,10,60,0
s38642,Meob,25/10/2005,2005,10,61,0
s38642,Meob,25/10/2005,2005,10,62,0
s38642,Meob,25/10/2005,2005,10,66,1
s38642,Meob,22/11/2005,2005,11,16,0
s38642,Meob,22/11/2005,2005,11,17,0
s38642,Meob,22/11/2005,2005,11,18,0
s38642,Meob,22/11/2005,2005,11,19,0
s38642,Meob,22/11/2005,2005,11,20,0
s38642,Meob,22/11/2005,2005,11,21,4
s38642,Meob,22/11/2005,2005,11,22,2
s38642,Meob,22/11/2005,2005,11,23,5
s38642,Meob,22/11/2005,2005,11,24,6
s38642,Meob,22/11/2005,2005,11,25,10
s38642,Meob,22/11/2005,2005,11,26,11
s38642,Meob,22/11/2005,2005,11,27,20
s38674,Meob,22/11/2005,2005,11,28,32
s38674,Meob,22/11/2005,2005,11,29,38
s38674,Meob,22/11/2005,2005,11,30,19
s38674,Meob,22/11/2005,2005,11,31,12
s38674,Meob,22/11/2005,2005,11,32,7
s38674,Meob,22/11/2005,2005,11,33,3
s38674,Meob,22/11/2005,2005,11,34,8
s38674,Meob,22/11/2005,2005,11,35,24
s38674,Meob,22/11/2005,2005,11,36,22
s38674,Meob,22/11/2005,2005,11,37,50
s38674,Meob,22/11/2005,2005,11,38,73
s38674,Meob,22/11/2005,2005,11,39,62
s38674,Meob,22/11/2005,2005,11,40,72
s38674,Meob,22/11/2005,2005,11,41,65
s38674,Meob,22/11/2005,2005,11,42,56
s38674,Meob,22/11/2005,2005,11,43,53
s38674,Meob,22/11/2005,2005,11,44,37
s38674,Meob,22/11/2005,2005,11,45,27
s38674,Meob,22/11/2005,2005,11,46,18
s38674,Meob,22/11/2005,2005,11,47,11
s38674,Meob,22/11/2005,2005,11,48,9
s38674,Meob,22/11/2005,2005,11,49,6
s38674,Meob,22/11/2005,2005,11,50,1
s38674,Meob,22/11/2005,2005,11,51,1
s38674,Meob,22/11/2005,2005,11,52,2
s38674,Meob,22/11/2005,2005,11,53,1
s38674,Meob,22/11/2005,2005,11,54,1
s38674,Meob,22/11/2005,2005,11,55,0
s38674,Meob,22/11/2005,2005,11,56,0
s38674,Meob,22/11/2005,2005,11,57,0
s38674,Meob,22/11/2005,2005,11,58,1
s38674,Meob,22/11/2005,2005,11,59,0
s38674,Meob,22/11/2005,2005,11,60,0
s38674,Meob,22/11/2005,2005,11,61,0
s38674,Meob,22/11/2005,2005,11,62,1
s38674,Meob,28/02/2006,2006,2,16,0
s38674,Meob,28/02/2006,2006,2,17,0
s38674,Meob,28/02/2006,2006,2,18,0
s38674,Meob,28/02/2006,2006,2,19,0
s38674,Meob,28/02/2006,2006,2,20,0
s38674,Meob,28/02/2006,2006,2,21,0
s38674,Meob,28/02/2006,2006,2,22,0
s38674,Meob,28/02/2006,2006,2,23,0
s38674,Meob,28/02/2006,2006,2,24,0
s38674,Meob,28/02/2006,2006,2,25,0
s38674,Meob,28/02/2006,2006,2,26,3
s38674,Meob,28/02/2006,2006,2,27,2
s38763,Meob,28/02/2006,2006,2,28,4
s38763,Meob,28/02/2006,2006,2,29,12
s38763,Meob,28/02/2006,2006,2,30,18
s38763,Meob,28/02/2006,2006,2,31,41
s38763,Meob,28/02/2006,2006,2,32,17
s38763,Meob,28/02/2006,2006,2,33,15
s38763,Meob,28/02/2006,2006,2,34,2
s38763,Meob,28/02/2006,2006,2,35,4
s38763,Meob,28/02/2006,2006,2,36,4
s38763,Meob,28/02/2006,2006,2,37,7
s38763,Meob,28/02/2006,2006,2,38,16
s38763,Meob,28/02/2006,2006,2,39,23
s38763,Meob,28/02/2006,2006,2,40,21
s38763,Meob,28/02/2006,2006,2,41,22
s38763,Meob,28/02/2006,2006,2,42,17
s38763,Meob,28/02/2006,2006,2,43,22
s38763,Meob,28/02/2006,2006,2,44,28
s38763,Meob,28/02/2006,2006,2,45,17
s38763,Meob,28/02/2006,2006,2,46,25
s38763,Meob,28/02/2006,2006,2,47,28
s38763,Meob,28/02/2006,2006,2,48,21
s38763,Meob,28/02/2006,2006,2,49,15
s38763,Meob,28/02/2006,2006,2,50,9
s38763,Meob,28/02/2006,2006,2,51,35
s38763,Meob,28/02/2006,2006,2,52,18
s38763,Meob,28/02/2006,2006,2,53,18
s38763,Meob,28/02/2006,2006,2,54,14
s38763,Meob,28/02/2006,2006,2,55,13
s38763,Meob,28/02/2006,2006,2,56,4
s38763,Meob,28/02/2006,2006,2,57,4
s38763,Meob,28/02/2006,2006,2,58,7
s38763,Meob,28/02/2006,2006,2,59,5
s38763,Meob,28/02/2006,2006,2,60,2
s38763,Meob,28/02/2006,2006,2,61,2
s38763,Meob,28/02/2006,2006,2,62,1
s38763,Meob,28/02/2006,2006,2,64,1
s38763,Meob,22/03/2006,2006,3,16,0
s38763,Meob,22/03/2006,2006,3,17,0
s38763,Meob,22/03/2006,2006,3,18,0
s38763,Meob,22/03/2006,2006,3,19,0
s38763,Meob,22/03/2006,2006,3,20,0
s38763,Meob,22/03/2006,2006,3,21,1
s38763,Meob,22/03/2006,2006,3,22,1
s38763,Meob,22/03/2006,2006,3,23,0
s38763,Meob,22/03/2006,2006,3,24,1
s38763,Meob,22/03/2006,2006,3,25,1
s38763,Meob,22/03/2006,2006,3,26,5
s38763,Meob,22/03/2006,2006,3,27,6
s38764,Meob,22/03/2006,2006,3,28,16
s38765,Meob,22/03/2006,2006,3,29,25
s38766,Meob,22/03/2006,2006,3,30,44
s38767,Meob,22/03/2006,2006,3,31,64
s38768,Meob,22/03/2006,2006,3,32,51
s38769,Meob,22/03/2006,2006,3,33,32
s38770,Meob,22/03/2006,2006,3,34,23
s38771,Meob,22/03/2006,2006,3,35,8
s38772,Meob,22/03/2006,2006,3,36,14
s38773,Meob,22/03/2006,2006,3,37,17
s38774,Meob,22/03/2006,2006,3,38,32
s38775,Meob,22/03/2006,2006,3,39,30
s38776,Meob,22/03/2006,2006,3,40,40
s38777,Meob,22/03/2006,2006,3,41,45
s38778,Meob,22/03/2006,2006,3,42,42
s38779,Meob,22/03/2006,2006,3,43,30
s38780,Meob,22/03/2006,2006,3,44,42
s38781,Meob,22/03/2006,2006,3,45,37
s38782,Meob,22/03/2006,2006,3,46,25
s38783,Meob,22/03/2006,2006,3,47,23
s38784,Meob,22/03/2006,2006,3,48,25
s38785,Meob,22/03/2006,2006,3,49,10
s38786,Meob,22/03/2006,2006,3,50,13
s38787,Meob,22/03/2006,2006,3,51,6
s38788,Meob,22/03/2006,2006,3,52,7
s38789,Meob,22/03/2006,2006,3,53,7
s38790,Meob,22/03/2006,2006,3,54,4
s38791,Meob,22/03/2006,2006,3,55,6
s38792,Meob,22/03/2006,2006,3,56,2
s38793,Meob,22/03/2006,2006,3,57,5
s38794,Meob,22/03/2006,2006,3,58,2
s38795,Meob,22/03/2006,2006,3,59,1
s38796,Meob,22/03/2006,2006,3,60,1
s38797,Meob,22/03/2006,2006,3,61,2
s38797,Meob,22/03/2006,2006,3,62,2
s38797,Meob,22/03/2006,2006,3,63,3
s38797,Meob,22/03/2006,2006,3,67,2
s38797,Meob,22/03/2006,2006,3,70,1
s38797,Meob,22/03/2006,2006,3,77,1
s38799,Meob,30/08/2006,2006,8,16,0
s38800,Meob,30/08/2006,2006,8,17,0
s38801,Meob,30/08/2006,2006,8,18,0
s38802,Meob,30/08/2006,2006,8,19,0
s38803,Meob,30/08/2006,2006,8,20,0
s38804,Meob,30/08/2006,2006,8,21,0
s38805,Meob,30/08/2006,2006,8,22,0
s38806,Meob,30/08/2006,2006,8,23,1
s38807,Meob,30/08/2006,2006,8,24,1
s38808,Meob,30/08/2006,2006,8,25,0
s38809,Meob,30/08/2006,2006,8,26,4
s38810,Meob,30/08/2006,2006,8,27,5
s38811,Meob,30/08/2006,2006,8,28,6
s38812,Meob,30/08/2006,2006,8,29,9
s38813,Meob,30/08/2006,2006,8,30,22
s38814,Meob,30/08/2006,2006,8,31,36
s38815,Meob,30/08/2006,2006,8,32,25
s38816,Meob,30/08/2006,2006,8,33,20
s38817,Meob,30/08/2006,2006,8,34,7
s38818,Meob,30/08/2006,2006,8,35,12
s38819,Meob,30/08/2006,2006,8,36,8
s38820,Meob,30/08/2006,2006,8,37,3
s38821,Meob,30/08/2006,2006,8,38,7
s38822,Meob,30/08/2006,2006,8,39,12
s38823,Meob,30/08/2006,2006,8,40,15
s38824,Meob,30/08/2006,2006,8,41,19
s38825,Meob,30/08/2006,2006,8,42,11
s38826,Meob,30/08/2006,2006,8,43,11
s38827,Meob,30/08/2006,2006,8,44,9
s38828,Meob,30/08/2006,2006,8,45,6
s38829,Meob,30/08/2006,2006,8,46,4
s38830,Meob,30/08/2006,2006,8,47,1
s38831,Meob,30/08/2006,2006,8,48,4
s38832,Meob,30/08/2006,2006,8,49,5
s38833,Meob,30/08/2006,2006,8,50,2
s38834,Meob,30/08/2006,2006,8,51,1
s38835,Meob,30/08/2006,2006,8,52,1
s38836,Meob,30/08/2006,2006,8,53,0
s38837,Meob,30/08/2006,2006,8,54,1
s38838,Meob,30/08/2006,2006,8,55,0
s38839,Meob,30/08/2006,2006,8,56,0
s38840,Meob,30/08/2006,2006,8,57,0
s38841,Meob,30/08/2006,2006,8,58,0
s38842,Meob,30/08/2006,2006,8,59,0
s38843,Meob,30/08/2006,2006,8,60,0
s38844,Meob,30/08/2006,2006,8,61,0
s38845,Meob,30/08/2006,2006,8,62,0
s38846,Meob,15/11/2006,2006,11,12,1
s38847,Meob,15/11/2006,2006,11,14,1
s38846,Meob,15/11/2006,2006,11,16,0
s38847,Meob,15/11/2006,2006,11,17,0
s38848,Meob,15/11/2006,2006,11,18,0
s38849,Meob,15/11/2006,2006,11,19,0
s38850,Meob,15/11/2006,2006,11,20,1
s38851,Meob,15/11/2006,2006,11,21,0
s38852,Meob,15/11/2006,2006,11,22,0
s38853,Meob,15/11/2006,2006,11,23,0
s38854,Meob,15/11/2006,2006,11,24,0
s38855,Meob,15/11/2006,2006,11,25,7
s38856,Meob,15/11/2006,2006,11,26,6
s38857,Meob,15/11/2006,2006,11,27,20
s38858,Meob,15/11/2006,2006,11,28,26
s38859,Meob,15/11/2006,2006,11,29,62
s38860,Meob,15/11/2006,2006,11,30,102
s38861,Meob,15/11/2006,2006,11,31,79
s38862,Meob,15/11/2006,2006,11,32,70
s38863,Meob,15/11/2006,2006,11,33,49
s38864,Meob,15/11/2006,2006,11,34,32
s38865,Meob,15/11/2006,2006,11,35,22
s38866,Meob,15/11/2006,2006,11,36,19
s38867,Meob,15/11/2006,2006,11,37,31
s38868,Meob,15/11/2006,2006,11,38,35
s38869,Meob,15/11/2006,2006,11,39,34
s38870,Meob,15/11/2006,2006,11,40,42
s38871,Meob,15/11/2006,2006,11,41,38
s38872,Meob,15/11/2006,2006,11,42,41
s38873,Meob,15/11/2006,2006,11,43,29
s38874,Meob,15/11/2006,2006,11,44,21
s38875,Meob,15/11/2006,2006,11,45,17
s38876,Meob,15/11/2006,2006,11,46,11
s38877,Meob,15/11/2006,2006,11,47,9
s38878,Meob,15/11/2006,2006,11,48,8
s38879,Meob,15/11/2006,2006,11,49,7
s38880,Meob,15/11/2006,2006,11,50,0
s38881,Meob,15/11/2006,2006,11,51,2
s38882,Meob,15/11/2006,2006,11,52,0
s38883,Meob,15/11/2006,2006,11,53,0
s38884,Meob,15/11/2006,2006,11,54,0
s38885,Meob,15/11/2006,2006,11,55,0
s38886,Meob,15/11/2006,2006,11,56,0
s38887,Meob,15/11/2006,2006,11,57,0
s38888,Meob,15/11/2006,2006,11,58,0
s38889,Meob,15/11/2006,2006,11,59,0
s38890,Meob,15/11/2006,2006,11,60,0
s38891,Meob,15/11/2006,2006,11,61,0
s38892,Meob,15/11/2006,2006,11,62,0
s38893,Meob,27/12/2006,2006,12,13,1
s38894,Meob,27/12/2006,2006,12,15,1
s38893,Meob,27/12/2006,2006,12,16,0
s38894,Meob,27/12/2006,2006,12,17,0
s38895,Meob,27/12/2006,2006,12,18,0
s38896,Meob,27/12/2006,2006,12,19,0
s38897,Meob,27/12/2006,2006,12,20,0
s38898,Meob,27/12/2006,2006,12,21,0
s38899,Meob,27/12/2006,2006,12,22,0
s38900,Meob,27/12/2006,2006,12,23,0
s38901,Meob,27/12/2006,2006,12,24,0
s38902,Meob,27/12/2006,2006,12,25,3
s38903,Meob,27/12/2006,2006,12,26,1
s38904,Meob,27/12/2006,2006,12,27,9
s38905,Meob,27/12/2006,2006,12,28,20
s38906,Meob,27/12/2006,2006,12,29,29
s38907,Meob,27/12/2006,2006,12,30,60
s38908,Meob,27/12/2006,2006,12,31,72
s38909,Meob,27/12/2006,2006,12,32,59
s38910,Meob,27/12/2006,2006,12,33,36
s38911,Meob,27/12/2006,2006,12,34,12
s38912,Meob,27/12/2006,2006,12,35,4
s38913,Meob,27/12/2006,2006,12,36,8
s38914,Meob,27/12/2006,2006,12,37,3
s38915,Meob,27/12/2006,2006,12,38,1
s38916,Meob,27/12/2006,2006,12,39,5
s38917,Meob,27/12/2006,2006,12,40,4
s38918,Meob,27/12/2006,2006,12,41,7
s38919,Meob,27/12/2006,2006,12,42,5
s38920,Meob,27/12/2006,2006,12,43,4
s38921,Meob,27/12/2006,2006,12,44,4
s38922,Meob,27/12/2006,2006,12,45,6
s38923,Meob,27/12/2006,2006,12,46,2
s38924,Meob,27/12/2006,2006,12,47,6
s38925,Meob,27/12/2006,2006,12,48,4
s38926,Meob,27/12/2006,2006,12,49,1
s38927,Meob,27/12/2006,2006,12,50,2
s38928,Meob,27/12/2006,2006,12,51,2
s38929,Meob,27/12/2006,2006,12,52,1
s38930,Meob,27/12/2006,2006,12,53,1
s38931,Meob,27/12/2006,2006,12,54,0
s38932,Meob,27/12/2006,2006,12,55,0
s38933,Meob,27/12/2006,2006,12,56,0
s38934,Meob,27/12/2006,2006,12,57,0
s38935,Meob,27/12/2006,2006,12,58,1
s38936,Meob,27/12/2006,2006,12,59,1
s38937,Meob,27/12/2006,2006,12,60,0
s38938,Meob,27/12/2006,2006,12,61,0
s38939,Meob,27/12/2006,2006,12,62,0
s38939,Meob,27/12/2006,2006,12,67,1
s38939,Meob,10/03/2007,2007,3,12,1
s38940,Meob,10/03/2007,2007,3,16,1
s38941,Meob,10/03/2007,2007,3,17,1
s38942,Meob,10/03/2007,2007,3,18,1
s38943,Meob,10/03/2007,2007,3,19,0
s38944,Meob,10/03/2007,2007,3,20,3
s38945,Meob,10/03/2007,2007,3,21,1
s38946,Meob,10/03/2007,2007,3,22,1
s38947,Meob,10/03/2007,2007,3,23,2
s38948,Meob,10/03/2007,2007,3,24,0
s38949,Meob,10/03/2007,2007,3,25,2
s38950,Meob,10/03/2007,2007,3,26,2
s38951,Meob,10/03/2007,2007,3,27,7
s38952,Meob,10/03/2007,2007,3,28,11
s38953,Meob,10/03/2007,2007,3,29,33
s38954,Meob,10/03/2007,2007,3,30,47
s38955,Meob,10/03/2007,2007,3,31,114
s38956,Meob,10/03/2007,2007,3,32,159
s38957,Meob,10/03/2007,2007,3,33,180
s38958,Meob,10/03/2007,2007,3,34,138
s38959,Meob,10/03/2007,2007,3,35,85
s38960,Meob,10/03/2007,2007,3,36,43
s38961,Meob,10/03/2007,2007,3,37,22
s38962,Meob,10/03/2007,2007,3,38,23
s38963,Meob,10/03/2007,2007,3,39,23
s38964,Meob,10/03/2007,2007,3,40,34
s38965,Meob,10/03/2007,2007,3,41,29
s38966,Meob,10/03/2007,2007,3,42,30
s38967,Meob,10/03/2007,2007,3,43,34
s38968,Meob,10/03/2007,2007,3,44,34
s38969,Meob,10/03/2007,2007,3,45,29
s38970,Meob,10/03/2007,2007,3,46,40
s38971,Meob,10/03/2007,2007,3,47,25
s38972,Meob,10/03/2007,2007,3,48,29
s38973,Meob,10/03/2007,2007,3,49,21
s38974,Meob,10/03/2007,2007,3,50,30
s38975,Meob,10/03/2007,2007,3,51,23
s38976,Meob,10/03/2007,2007,3,52,16
s38977,Meob,10/03/2007,2007,3,53,7
s38978,Meob,10/03/2007,2007,3,54,12
s38979,Meob,10/03/2007,2007,3,55,11
s38980,Meob,10/03/2007,2007,3,56,9
s38981,Meob,10/03/2007,2007,3,57,4
s38982,Meob,10/03/2007,2007,3,58,6
s38983,Meob,10/03/2007,2007,3,59,3
s38984,Meob,10/03/2007,2007,3,60,5
s38985,Meob,10/03/2007,2007,3,61,1
s38986,Meob,10/03/2007,2007,3,62,1
s38986,Meob,10/03/2007,2007,3,63,2
s38986,Meob,10/03/2007,2007,3,64,1
s38986,Meob,10/03/2007,2007,3,66,2
s38987,Meob,18/04/2007,2007,4,16,0
s38988,Meob,18/04/2007,2007,4,17,1
s38989,Meob,18/04/2007,2007,4,18,2
s38990,Meob,18/04/2007,2007,4,19,0
s38991,Meob,18/04/2007,2007,4,20,1
s38992,Meob,18/04/2007,2007,4,21,0
s38993,Meob,18/04/2007,2007,4,22,1
s38994,Meob,18/04/2007,2007,4,23,0
s38995,Meob,18/04/2007,2007,4,24,0
s38996,Meob,18/04/2007,2007,4,25,0
s38997,Meob,18/04/2007,2007,4,26,0
s38998,Meob,18/04/2007,2007,4,27,1
s38999,Meob,18/04/2007,2007,4,28,0
s39000,Meob,18/04/2007,2007,4,29,3
s39001,Meob,18/04/2007,2007,4,30,0
s39002,Meob,18/04/2007,2007,4,31,8
s39003,Meob,18/04/2007,2007,4,32,6
s39004,Meob,18/04/2007,2007,4,33,12
s39005,Meob,18/04/2007,2007,4,34,15
s39006,Meob,18/04/2007,2007,4,35,12
s39007,Meob,18/04/2007,2007,4,36,4
s39008,Meob,18/04/2007,2007,4,37,6
s39009,Meob,18/04/2007,2007,4,38,1
s39010,Meob,18/04/2007,2007,4,39,1
s39011,Meob,18/04/2007,2007,4,40,0
s39012,Meob,18/04/2007,2007,4,41,2
s39013,Meob,18/04/2007,2007,4,42,5
s39014,Meob,18/04/2007,2007,4,43,1
s39015,Meob,18/04/2007,2007,4,44,4
s39016,Meob,18/04/2007,2007,4,45,3
s39017,Meob,18/04/2007,2007,4,46,1
s39018,Meob,18/04/2007,2007,4,47,2
s39019,Meob,18/04/2007,2007,4,48,1
s39020,Meob,18/04/2007,2007,4,49,2
s39021,Meob,18/04/2007,2007,4,50,0
s39022,Meob,18/04/2007,2007,4,51,0
s39023,Meob,18/04/2007,2007,4,52,1
s39024,Meob,18/04/2007,2007,4,53,0
s39025,Meob,18/04/2007,2007,4,54,2
s39026,Meob,18/04/2007,2007,4,55,0
s39027,Meob,18/04/2007,2007,4,56,0
s39028,Meob,18/04/2007,2007,4,57,1
s39029,Meob,18/04/2007,2007,4,58,1
s39030,Meob,18/04/2007,2007,4,59,0
s39031,Meob,18/04/2007,2007,4,60,0
s39032,Meob,18/04/2007,2007,4,61,0
s39033,Meob,18/04/2007,2007,4,62,0
s39033,Meob,18/04/2007,2007,4,63,1
s39033,Meob,18/04/2007,2007,4,65,1
s39034,Meob,29/08/2007,2007,8,16,0
s39035,Meob,29/08/2007,2007,8,17,1
s39036,Meob,29/08/2007,2007,8,18,3
s39037,Meob,29/08/2007,2007,8,19,0
s39038,Meob,29/08/2007,2007,8,20,2
s39039,Meob,29/08/2007,2007,8,21,1
s39040,Meob,29/08/2007,2007,8,22,1
s39041,Meob,29/08/2007,2007,8,23,0
s39042,Meob,29/08/2007,2007,8,24,1
s39043,Meob,29/08/2007,2007,8,25,0
s39044,Meob,29/08/2007,2007,8,26,0
s39045,Meob,29/08/2007,2007,8,27,0
s39046,Meob,29/08/2007,2007,8,28,0
s39047,Meob,29/08/2007,2007,8,29,4
s39048,Meob,29/08/2007,2007,8,30,14
s39049,Meob,29/08/2007,2007,8,31,27
s39050,Meob,29/08/2007,2007,8,32,42
s39051,Meob,29/08/2007,2007,8,33,38
s39052,Meob,29/08/2007,2007,8,34,38
s39053,Meob,29/08/2007,2007,8,35,23
s39054,Meob,29/08/2007,2007,8,36,29
s39055,Meob,29/08/2007,2007,8,37,18
s39056,Meob,29/08/2007,2007,8,38,9
s39057,Meob,29/08/2007,2007,8,39,12
s39058,Meob,29/08/2007,2007,8,40,5
s39059,Meob,29/08/2007,2007,8,41,3
s39060,Meob,29/08/2007,2007,8,42,7
s39061,Meob,29/08/2007,2007,8,43,9
s39062,Meob,29/08/2007,2007,8,44,7
s39063,Meob,29/08/2007,2007,8,45,5
s39064,Meob,29/08/2007,2007,8,46,2
s39065,Meob,29/08/2007,2007,8,47,5
s39066,Meob,29/08/2007,2007,8,48,4
s39067,Meob,29/08/2007,2007,8,49,0
s39068,Meob,29/08/2007,2007,8,50,2
s39069,Meob,29/08/2007,2007,8,51,1
s39070,Meob,29/08/2007,2007,8,52,2
s39071,Meob,29/08/2007,2007,8,53,0
s39072,Meob,29/08/2007,2007,8,54,1
s39073,Meob,29/08/2007,2007,8,55,0
s39074,Meob,29/08/2007,2007,8,56,0
s39075,Meob,29/08/2007,2007,8,57,0
s39076,Meob,29/08/2007,2007,8,58,1
s39077,Meob,29/08/2007,2007,8,59,0
s39078,Meob,29/08/2007,2007,8,60,0
s39079,Meob,29/08/2007,2007,8,61,0
s39080,Meob,29/08/2007,2007,8,62,0
s39081,Meob,21/11/2007,2007,11,16,0
s39082,Meob,21/11/2007,2007,11,17,1
s39083,Meob,21/11/2007,2007,11,18,1
s39084,Meob,21/11/2007,2007,11,19,7
s39085,Meob,21/11/2007,2007,11,20,5
s39086,Meob,21/11/2007,2007,11,21,7
s39087,Meob,21/11/2007,2007,11,22,5
s39088,Meob,21/11/2007,2007,11,23,0
s39089,Meob,21/11/2007,2007,11,24,0
s39090,Meob,21/11/2007,2007,11,25,2
s39091,Meob,21/11/2007,2007,11,26,1
s39092,Meob,21/11/2007,2007,11,27,2
s39093,Meob,21/11/2007,2007,11,28,1
s39094,Meob,21/11/2007,2007,11,29,1
s39095,Meob,21/11/2007,2007,11,30,6
s39096,Meob,21/11/2007,2007,11,31,24
s39097,Meob,21/11/2007,2007,11,32,38
s39098,Meob,21/11/2007,2007,11,33,81
s39099,Meob,21/11/2007,2007,11,34,82
s39100,Meob,21/11/2007,2007,11,35,86
s39101,Meob,21/11/2007,2007,11,36,61
s39102,Meob,21/11/2007,2007,11,37,60
s39103,Meob,21/11/2007,2007,11,38,34
s39104,Meob,21/11/2007,2007,11,39,31
s39105,Meob,21/11/2007,2007,11,40,37
s39106,Meob,21/11/2007,2007,11,41,33
s39107,Meob,21/11/2007,2007,11,42,40
s39108,Meob,21/11/2007,2007,11,43,26
s39109,Meob,21/11/2007,2007,11,44,36
s39110,Meob,21/11/2007,2007,11,45,44
s39111,Meob,21/11/2007,2007,11,46,32
s39112,Meob,21/11/2007,2007,11,47,27
s39113,Meob,21/11/2007,2007,11,48,18
s39114,Meob,21/11/2007,2007,11,49,11
s39115,Meob,21/11/2007,2007,11,50,14
s39116,Meob,21/11/2007,2007,11,51,9
s39117,Meob,21/11/2007,2007,11,52,7
s39118,Meob,21/11/2007,2007,11,53,3
s39119,Meob,21/11/2007,2007,11,54,1
s39120,Meob,21/11/2007,2007,11,55,1
s39121,Meob,21/11/2007,2007,11,56,1
s39122,Meob,21/11/2007,2007,11,57,0
s39123,Meob,21/11/2007,2007,11,58,0
s39124,Meob,21/11/2007,2007,11,59,0
s39125,Meob,21/11/2007,2007,11,60,1
s39126,Meob,21/11/2007,2007,11,61,0
s39127,Meob,21/11/2007,2007,11,62,1
s39127,Meob,21/11/2007,2007,11,66,1
s39128,Meob,25/12/2007,2007,12,16,0
s39129,Meob,25/12/2007,2007,12,17,0
s39130,Meob,25/12/2007,2007,12,18,0
s39131,Meob,25/12/2007,2007,12,19,0
s39132,Meob,25/12/2007,2007,12,20,1
s39133,Meob,25/12/2007,2007,12,21,0
s39134,Meob,25/12/2007,2007,12,22,2
s39135,Meob,25/12/2007,2007,12,23,0
s39136,Meob,25/12/2007,2007,12,24,0
s39137,Meob,25/12/2007,2007,12,25,0
s39138,Meob,25/12/2007,2007,12,26,0
s39139,Meob,25/12/2007,2007,12,27,0
s39140,Meob,25/12/2007,2007,12,28,0
s39141,Meob,25/12/2007,2007,12,29,0
s39142,Meob,25/12/2007,2007,12,30,1
s39143,Meob,25/12/2007,2007,12,31,6
s39144,Meob,25/12/2007,2007,12,32,5
s39145,Meob,25/12/2007,2007,12,33,10
s39146,Meob,25/12/2007,2007,12,34,12
s39147,Meob,25/12/2007,2007,12,35,5
s39148,Meob,25/12/2007,2007,12,36,11
s39149,Meob,25/12/2007,2007,12,37,10
s39150,Meob,25/12/2007,2007,12,38,7
s39151,Meob,25/12/2007,2007,12,39,1
s39152,Meob,25/12/2007,2007,12,40,2
s39153,Meob,25/12/2007,2007,12,41,0
s39154,Meob,25/12/2007,2007,12,42,0
s39155,Meob,25/12/2007,2007,12,43,0
s39156,Meob,25/12/2007,2007,12,44,0
s39157,Meob,25/12/2007,2007,12,45,0
s39158,Meob,25/12/2007,2007,12,46,0
s39159,Meob,25/12/2007,2007,12,47,0
s39160,Meob,25/12/2007,2007,12,48,0
s39161,Meob,25/12/2007,2007,12,49,0
s39162,Meob,25/12/2007,2007,12,50,0
s39163,Meob,25/12/2007,2007,12,51,0
s39164,Meob,25/12/2007,2007,12,52,0
s39165,Meob,25/12/2007,2007,12,53,0
s39166,Meob,25/12/2007,2007,12,54,0
s39167,Meob,25/12/2007,2007,12,55,0
s39168,Meob,25/12/2007,2007,12,56,0
s39169,Meob,25/12/2007,2007,12,57,0
s39170,Meob,25/12/2007,2007,12,58,0
s39171,Meob,25/12/2007,2007,12,59,0
s39172,Meob,25/12/2007,2007,12,60,0
s39173,Meob,25/12/2007,2007,12,61,0
s39174,Meob,25/12/2007,2007,12,62,0
s39175,Meob,20/02/2008,2008,2,16,0
s39176,Meob,20/02/2008,2008,2,17,0
s39177,Meob,20/02/2008,2008,2,18,0
s39178,Meob,20/02/2008,2008,2,19,0
s39179,Meob,20/02/2008,2008,2,20,0
s39180,Meob,20/02/2008,2008,2,21,0
s39181,Meob,20/02/2008,2008,2,22,0
s39182,Meob,20/02/2008,2008,2,23,1
s39183,Meob,20/02/2008,2008,2,24,1
s39184,Meob,20/02/2008,2008,2,25,3
s39185,Meob,20/02/2008,2008,2,26,1
s39186,Meob,20/02/2008,2008,2,27,0
s39187,Meob,20/02/2008,2008,2,28,0
s39188,Meob,20/02/2008,2008,2,29,0
s39189,Meob,20/02/2008,2008,2,30,2
s39190,Meob,20/02/2008,2008,2,31,2
s39191,Meob,20/02/2008,2008,2,32,14
s39192,Meob,20/02/2008,2008,2,33,22
s39193,Meob,20/02/2008,2008,2,34,26
s39194,Meob,20/02/2008,2008,2,35,37
s39195,Meob,20/02/2008,2008,2,36,37
s39196,Meob,20/02/2008,2008,2,37,39
s39197,Meob,20/02/2008,2008,2,38,31
s39198,Meob,20/02/2008,2008,2,39,19
s39199,Meob,20/02/2008,2008,2,40,26
s39200,Meob,20/02/2008,2008,2,41,8
s39201,Meob,20/02/2008,2008,2,42,12
s39202,Meob,20/02/2008,2008,2,43,11
s39203,Meob,20/02/2008,2008,2,44,8
s39204,Meob,20/02/2008,2008,2,45,12
s39205,Meob,20/02/2008,2008,2,46,15
s39206,Meob,20/02/2008,2008,2,47,6
s39207,Meob,20/02/2008,2008,2,48,9
s39208,Meob,20/02/2008,2008,2,49,6
s39209,Meob,20/02/2008,2008,2,50,14
s39210,Meob,20/02/2008,2008,2,51,11
s39211,Meob,20/02/2008,2008,2,52,6
s39212,Meob,20/02/2008,2008,2,53,5
s39213,Meob,20/02/2008,2008,2,54,7
s39214,Meob,20/02/2008,2008,2,55,6
s39215,Meob,20/02/2008,2008,2,56,6
s39216,Meob,20/02/2008,2008,2,57,3
s39217,Meob,20/02/2008,2008,2,58,5
s39218,Meob,20/02/2008,2008,2,59,4
s39219,Meob,20/02/2008,2008,2,60,3
s39220,Meob,20/02/2008,2008,2,61,1
s39220,Meob,20/02/2008,2008,2,62,0
s39220,Meob,20/02/2008,2008,2,63,1
s39220,Meob,20/02/2008,2008,2,64,3
s39220,Meob,20/02/2008,2008,2,65,2
s39220,Meob,20/02/2008,2008,2,67,1
s39220,Meob,20/02/2008,2008,2,68,1
s39220,Meob,20/02/2008,2008,2,69,1
s39220,Meob,20/02/2008,2008,2,77,1
s39220,Meob,20/02/2008,2008,2,79,1
s39222,Meob,20/03/2008,2008,3,15,1
s39222,Meob,20/03/2008,2008,3,16,0
s39223,Meob,20/03/2008,2008,3,17,0
s39224,Meob,20/03/2008,2008,3,18,0
s39225,Meob,20/03/2008,2008,3,19,0
s39226,Meob,20/03/2008,2008,3,20,3
s39227,Meob,20/03/2008,2008,3,21,2
s39228,Meob,20/03/2008,2008,3,22,6
s39229,Meob,20/03/2008,2008,3,23,11
s39230,Meob,20/03/2008,2008,3,24,24
s39231,Meob,20/03/2008,2008,3,25,21
s39232,Meob,20/03/2008,2008,3,26,9
s39233,Meob,20/03/2008,2008,3,27,2
s39234,Meob,20/03/2008,2008,3,28,0
s39235,Meob,20/03/2008,2008,3,29,1
s39236,Meob,20/03/2008,2008,3,30,2
s39237,Meob,20/03/2008,2008,3,31,9
s39238,Meob,20/03/2008,2008,3,32,13
s39239,Meob,20/03/2008,2008,3,33,37
s39240,Meob,20/03/2008,2008,3,34,54
s39241,Meob,20/03/2008,2008,3,35,66
s39242,Meob,20/03/2008,2008,3,36,69
s39243,Meob,20/03/2008,2008,3,37,49
s39244,Meob,20/03/2008,2008,3,38,47
s39245,Meob,20/03/2008,2008,3,39,31
s39246,Meob,20/03/2008,2008,3,40,19
s39247,Meob,20/03/2008,2008,3,41,12
s39248,Meob,20/03/2008,2008,3,42,12
s39249,Meob,20/03/2008,2008,3,43,6
s39250,Meob,20/03/2008,2008,3,44,3
s39251,Meob,20/03/2008,2008,3,45,8
s39252,Meob,20/03/2008,2008,3,46,0
s39253,Meob,20/03/2008,2008,3,47,5
s39254,Meob,20/03/2008,2008,3,48,4
s39255,Meob,20/03/2008,2008,3,49,4
s39256,Meob,20/03/2008,2008,3,50,3
s39257,Meob,20/03/2008,2008,3,51,4
s39258,Meob,20/03/2008,2008,3,52,7
s39259,Meob,20/03/2008,2008,3,53,2
s39260,Meob,20/03/2008,2008,3,54,3
s39261,Meob,20/03/2008,2008,3,55,1
s39262,Meob,20/03/2008,2008,3,56,2
s39263,Meob,20/03/2008,2008,3,57,1
s39264,Meob,20/03/2008,2008,3,58,3
s39265,Meob,20/03/2008,2008,3,59,1
s39266,Meob,20/03/2008,2008,3,60,1
s39267,Meob,20/03/2008,2008,3,61,1
s39268,Meob,20/03/2008,2008,3,62,0
s39269,Meob,27/08/2008,2008,8,16,0
s39270,Meob,27/08/2008,2008,8,17,0
s39271,Meob,27/08/2008,2008,8,18,0
s39272,Meob,27/08/2008,2008,8,19,0
s39273,Meob,27/08/2008,2008,8,20,0
s39274,Meob,27/08/2008,2008,8,21,1
s39275,Meob,27/08/2008,2008,8,22,5
s39276,Meob,27/08/2008,2008,8,23,4
s39277,Meob,27/08/2008,2008,8,24,15
s39278,Meob,27/08/2008,2008,8,25,38
s39279,Meob,27/08/2008,2008,8,26,44
s39280,Meob,27/08/2008,2008,8,27,38
s39281,Meob,27/08/2008,2008,8,28,21
s39282,Meob,27/08/2008,2008,8,29,10
s39283,Meob,27/08/2008,2008,8,30,10
s39284,Meob,27/08/2008,2008,8,31,10
s39285,Meob,27/08/2008,2008,8,32,17
s39286,Meob,27/08/2008,2008,8,33,33
s39287,Meob,27/08/2008,2008,8,34,52
s39288,Meob,27/08/2008,2008,8,35,92
s39289,Meob,27/08/2008,2008,8,36,121
s39290,Meob,27/08/2008,2008,8,37,113
s39291,Meob,27/08/2008,2008,8,38,82
s39292,Meob,27/08/2008,2008,8,39,59
s39293,Meob,27/08/2008,2008,8,40,45
s39294,Meob,27/08/2008,2008,8,41,21
s39295,Meob,27/08/2008,2008,8,42,19
s39296,Meob,27/08/2008,2008,8,43,13
s39297,Meob,27/08/2008,2008,8,44,15
s39298,Meob,27/08/2008,2008,8,45,23
s39299,Meob,27/08/2008,2008,8,46,15
s39300,Meob,27/08/2008,2008,8,47,14
s39301,Meob,27/08/2008,2008,8,48,7
s39302,Meob,27/08/2008,2008,8,49,11
s39303,Meob,27/08/2008,2008,8,50,7
s39304,Meob,27/08/2008,2008,8,51,4
s39305,Meob,27/08/2008,2008,8,52,4
s39306,Meob,27/08/2008,2008,8,53,5
s39307,Meob,27/08/2008,2008,8,54,2
s39308,Meob,27/08/2008,2008,8,55,1
s39309,Meob,27/08/2008,2008,8,56,3
s39310,Meob,27/08/2008,2008,8,57,0
s39311,Meob,27/08/2008,2008,8,58,0
s39312,Meob,27/08/2008,2008,8,59,0
s39313,Meob,27/08/2008,2008,8,60,0
s39314,Meob,27/08/2008,2008,8,61,0
s39315,Meob,27/08/2008,2008,8,62,0
s39316,Meob,22/10/2008,2008,10,16,0
s39317,Meob,22/10/2008,2008,10,17,0
s39318,Meob,22/10/2008,2008,10,18,0
s39319,Meob,22/10/2008,2008,10,19,0
s39320,Meob,22/10/2008,2008,10,20,0
s39321,Meob,22/10/2008,2008,10,21,0
s39322,Meob,22/10/2008,2008,10,22,1
s39323,Meob,22/10/2008,2008,10,23,14
s39324,Meob,22/10/2008,2008,10,24,27
s39325,Meob,22/10/2008,2008,10,25,42
s39326,Meob,22/10/2008,2008,10,26,44
s39327,Meob,22/10/2008,2008,10,27,22
s39328,Meob,22/10/2008,2008,10,28,33
s39329,Meob,22/10/2008,2008,10,29,9
s39330,Meob,22/10/2008,2008,10,30,3
s39331,Meob,22/10/2008,2008,10,31,4
s39332,Meob,22/10/2008,2008,10,32,24
s39333,Meob,22/10/2008,2008,10,33,35
s39334,Meob,22/10/2008,2008,10,34,61
s39335,Meob,22/10/2008,2008,10,35,97
s39336,Meob,22/10/2008,2008,10,36,92
s39337,Meob,22/10/2008,2008,10,37,111
s39338,Meob,22/10/2008,2008,10,38,83
s39339,Meob,22/10/2008,2008,10,39,62
s39340,Meob,22/10/2008,2008,10,40,49
s39341,Meob,22/10/2008,2008,10,41,29
s39342,Meob,22/10/2008,2008,10,42,28
s39343,Meob,22/10/2008,2008,10,43,18
s39344,Meob,22/10/2008,2008,10,44,17
s39345,Meob,22/10/2008,2008,10,45,15
s39346,Meob,22/10/2008,2008,10,46,13
s39347,Meob,22/10/2008,2008,10,47,16
s39348,Meob,22/10/2008,2008,10,48,19
s39349,Meob,22/10/2008,2008,10,49,9
s39350,Meob,22/10/2008,2008,10,50,9
s39351,Meob,22/10/2008,2008,10,51,5
s39352,Meob,22/10/2008,2008,10,52,4
s39353,Meob,22/10/2008,2008,10,53,3
s39354,Meob,22/10/2008,2008,10,54,4
s39355,Meob,22/10/2008,2008,10,55,1
s39356,Meob,22/10/2008,2008,10,56,1
s39357,Meob,22/10/2008,2008,10,57,1
s39358,Meob,22/10/2008,2008,10,58,0
s39359,Meob,22/10/2008,2008,10,59,0
s39360,Meob,22/10/2008,2008,10,60,1
s39361,Meob,22/10/2008,2008,10,61,0
s39362,Meob,22/10/2008,2008,10,62,0
s39363,Meob,19/11/2008,2008,11,16,0
s39364,Meob,19/11/2008,2008,11,17,0
s39365,Meob,19/11/2008,2008,11,18,0
s39366,Meob,19/11/2008,2008,11,19,0
s39367,Meob,19/11/2008,2008,11,20,0
s39368,Meob,19/11/2008,2008,11,21,1
s39369,Meob,19/11/2008,2008,11,22,0
s39370,Meob,19/11/2008,2008,11,23,2
s39371,Meob,19/11/2008,2008,11,24,13
s39372,Meob,19/11/2008,2008,11,25,25
s39373,Meob,19/11/2008,2008,11,26,40
s39374,Meob,19/11/2008,2008,11,27,29
s39375,Meob,19/11/2008,2008,11,28,16
s39376,Meob,19/11/2008,2008,11,29,3
s39377,Meob,19/11/2008,2008,11,30,7
s39378,Meob,19/11/2008,2008,11,31,3
s39379,Meob,19/11/2008,2008,11,32,15
s39380,Meob,19/11/2008,2008,11,33,33
s39381,Meob,19/11/2008,2008,11,34,78
s39382,Meob,19/11/2008,2008,11,35,136
s39383,Meob,19/11/2008,2008,11,36,172
s39384,Meob,19/11/2008,2008,11,37,186
s39385,Meob,19/11/2008,2008,11,38,159
s39386,Meob,19/11/2008,2008,11,39,159
s39387,Meob,19/11/2008,2008,11,40,104
s39388,Meob,19/11/2008,2008,11,41,88
s39389,Meob,19/11/2008,2008,11,42,38
s39390,Meob,19/11/2008,2008,11,43,57
s39391,Meob,19/11/2008,2008,11,44,31
s39392,Meob,19/11/2008,2008,11,45,30
s39393,Meob,19/11/2008,2008,11,46,22
s39394,Meob,19/11/2008,2008,11,47,20
s39395,Meob,19/11/2008,2008,11,48,16
s39396,Meob,19/11/2008,2008,11,49,11
s39397,Meob,19/11/2008,2008,11,50,9
s39398,Meob,19/11/2008,2008,11,51,7
s39399,Meob,19/11/2008,2008,11,52,3
s39400,Meob,19/11/2008,2008,11,53,3
s39401,Meob,19/11/2008,2008,11,54,2
s39402,Meob,19/11/2008,2008,11,55,3
s39403,Meob,19/11/2008,2008,11,56,1
s39404,Meob,19/11/2008,2008,11,57,1
s39405,Meob,19/11/2008,2008,11,58,1
s39406,Meob,19/11/2008,2008,11,59,3
s39407,Meob,19/11/2008,2008,11,60,0
s39408,Meob,19/11/2008,2008,11,61,0
s39409,Meob,19/11/2008,2008,11,62,0
s39410,Meob,17/12/2008,2008,12,16,0
s39411,Meob,17/12/2008,2008,12,17,0
s39412,Meob,17/12/2008,2008,12,18,0
s39413,Meob,17/12/2008,2008,12,19,0
s39414,Meob,17/12/2008,2008,12,20,1
s39415,Meob,17/12/2008,2008,12,21,0
s39416,Meob,17/12/2008,2008,12,22,1
s39417,Meob,17/12/2008,2008,12,23,4
s39418,Meob,17/12/2008,2008,12,24,7
s39419,Meob,17/12/2008,2008,12,25,10
s39420,Meob,17/12/2008,2008,12,26,13
s39421,Meob,17/12/2008,2008,12,27,13
s39422,Meob,17/12/2008,2008,12,28,8
s39423,Meob,17/12/2008,2008,12,29,2
s39424,Meob,17/12/2008,2008,12,30,2
s39425,Meob,17/12/2008,2008,12,31,0
s39426,Meob,17/12/2008,2008,12,32,0
s39427,Meob,17/12/2008,2008,12,33,0
s39428,Meob,17/12/2008,2008,12,34,3
s39429,Meob,17/12/2008,2008,12,35,0
s39430,Meob,17/12/2008,2008,12,36,0
s39431,Meob,17/12/2008,2008,12,37,3
s39432,Meob,17/12/2008,2008,12,38,0
s39433,Meob,17/12/2008,2008,12,39,0
s39434,Meob,17/12/2008,2008,12,40,0
s39435,Meob,17/12/2008,2008,12,41,0
s39436,Meob,17/12/2008,2008,12,42,0
s39437,Meob,17/12/2008,2008,12,43,0
s39438,Meob,17/12/2008,2008,12,44,0
s39439,Meob,17/12/2008,2008,12,45,0
s39440,Meob,17/12/2008,2008,12,46,0
s39441,Meob,17/12/2008,2008,12,47,0
s39442,Meob,17/12/2008,2008,12,48,0
s39443,Meob,17/12/2008,2008,12,49,0
s39444,Meob,17/12/2008,2008,12,50,0
s39445,Meob,17/12/2008,2008,12,51,0
s39446,Meob,17/12/2008,2008,12,52,0
s39447,Meob,17/12/2008,2008,12,53,0
s39448,Meob,17/12/2008,2008,12,54,0
s39449,Meob,17/12/2008,2008,12,55,0
s39450,Meob,17/12/2008,2008,12,56,0
s39451,Meob,17/12/2008,2008,12,57,0
s39452,Meob,17/12/2008,2008,12,58,0
s39453,Meob,17/12/2008,2008,12,59,0
s39454,Meob,17/12/2008,2008,12,60,0
s39455,Meob,17/12/2008,2008,12,61,0
s39456,Meob,17/12/2008,2008,12,62,0
s39457,Meob,17/02/2009,2009,2,16,0
s39458,Meob,17/02/2009,2009,2,17,0
s39459,Meob,17/02/2009,2009,2,18,1
s39460,Meob,17/02/2009,2009,2,19,0
s39461,Meob,17/02/2009,2009,2,20,1
s39462,Meob,17/02/2009,2009,2,21,1
s39463,Meob,17/02/2009,2009,2,22,2
s39464,Meob,17/02/2009,2009,2,23,3
s39465,Meob,17/02/2009,2009,2,24,6
s39466,Meob,17/02/2009,2009,2,25,28
s39467,Meob,17/02/2009,2009,2,26,58
s39468,Meob,17/02/2009,2009,2,27,92
s39469,Meob,17/02/2009,2009,2,28,117
s39470,Meob,17/02/2009,2009,2,29,104
s39471,Meob,17/02/2009,2009,2,30,49
s39472,Meob,17/02/2009,2009,2,31,22
s39473,Meob,17/02/2009,2009,2,32,15
s39474,Meob,17/02/2009,2009,2,33,32
s39475,Meob,17/02/2009,2009,2,34,60
s39476,Meob,17/02/2009,2009,2,35,110
s39477,Meob,17/02/2009,2009,2,36,139
s39478,Meob,17/02/2009,2009,2,37,188
s39479,Meob,17/02/2009,2009,2,38,172
s39480,Meob,17/02/2009,2009,2,39,136
s39481,Meob,17/02/2009,2009,2,40,108
s39482,Meob,17/02/2009,2009,2,41,68
s39483,Meob,17/02/2009,2009,2,42,50
s39484,Meob,17/02/2009,2009,2,43,30
s39485,Meob,17/02/2009,2009,2,44,19
s39486,Meob,17/02/2009,2009,2,45,15
s39487,Meob,17/02/2009,2009,2,46,12
s39488,Meob,17/02/2009,2009,2,47,27
s39489,Meob,17/02/2009,2009,2,48,13
s39490,Meob,17/02/2009,2009,2,49,7
s39491,Meob,17/02/2009,2009,2,50,6
s39492,Meob,17/02/2009,2009,2,51,10
s39493,Meob,17/02/2009,2009,2,52,14
s39494,Meob,17/02/2009,2009,2,53,10
s39495,Meob,17/02/2009,2009,2,54,14
s39496,Meob,17/02/2009,2009,2,55,11
s39497,Meob,17/02/2009,2009,2,56,6
s39498,Meob,17/02/2009,2009,2,57,4
s39499,Meob,17/02/2009,2009,2,58,2
s39500,Meob,17/02/2009,2009,2,59,4
s39501,Meob,17/02/2009,2009,2,60,3
s39502,Meob,17/02/2009,2009,2,61,4
s39503,Meob,17/02/2009,2009,2,62,4
s39503,Meob,17/02/2009,2009,2,63,3
s39503,Meob,17/02/2009,2009,2,64,1
s39503,Meob,17/02/2009,2009,2,65,3
s39503,Meob,17/02/2009,2009,2,68,1
s39504,Meob,10/03/2009,2009,3,16,0
s39505,Meob,10/03/2009,2009,3,17,0
s39506,Meob,10/03/2009,2009,3,18,0
s39507,Meob,10/03/2009,2009,3,19,0
s39508,Meob,10/03/2009,2009,3,20,2
s39509,Meob,10/03/2009,2009,3,21,3
s39510,Meob,10/03/2009,2009,3,22,0
s39511,Meob,10/03/2009,2009,3,23,2
s39512,Meob,10/03/2009,2009,3,24,2
s39513,Meob,10/03/2009,2009,3,25,13
s39514,Meob,10/03/2009,2009,3,26,19
s39515,Meob,10/03/2009,2009,3,27,37
s39516,Meob,10/03/2009,2009,3,28,55
s39517,Meob,10/03/2009,2009,3,29,56
s39518,Meob,10/03/2009,2009,3,30,44
s39519,Meob,10/03/2009,2009,3,31,11
s39520,Meob,10/03/2009,2009,3,32,4
s39521,Meob,10/03/2009,2009,3,33,4
s39522,Meob,10/03/2009,2009,3,34,6
s39523,Meob,10/03/2009,2009,3,35,15
s39524,Meob,10/03/2009,2009,3,36,15
s39525,Meob,10/03/2009,2009,3,37,14
s39526,Meob,10/03/2009,2009,3,38,19
s39527,Meob,10/03/2009,2009,3,39,16
s39528,Meob,10/03/2009,2009,3,40,9
s39529,Meob,10/03/2009,2009,3,41,5
s39530,Meob,10/03/2009,2009,3,42,4
s39531,Meob,10/03/2009,2009,3,43,6
s39532,Meob,10/03/2009,2009,3,44,4
s39533,Meob,10/03/2009,2009,3,45,2
s39534,Meob,10/03/2009,2009,3,46,4
s39535,Meob,10/03/2009,2009,3,47,2
s39536,Meob,10/03/2009,2009,3,48,1
s39537,Meob,10/03/2009,2009,3,49,2
s39538,Meob,10/03/2009,2009,3,50,1
s39539,Meob,10/03/2009,2009,3,51,5
s39540,Meob,10/03/2009,2009,3,52,5
s39541,Meob,10/03/2009,2009,3,53,2
s39542,Meob,10/03/2009,2009,3,54,3
s39543,Meob,10/03/2009,2009,3,55,1
s39544,Meob,10/03/2009,2009,3,56,4
s39545,Meob,10/03/2009,2009,3,57,3
s39546,Meob,10/03/2009,2009,3,58,0
s39547,Meob,10/03/2009,2009,3,59,1
s39548,Meob,10/03/2009,2009,3,60,1
s39549,Meob,10/03/2009,2009,3,61,0
s39550,Meob,10/03/2009,2009,3,62,0
s39550,Meob,10/03/2009,2009,3,63,1
s39551,Meob,05/06/2009,2009,6,16,0
s39552,Meob,05/06/2009,2009,6,17,0
s39553,Meob,05/06/2009,2009,6,18,0
s39554,Meob,05/06/2009,2009,6,19,0
s39555,Meob,05/06/2009,2009,6,20,1
s39556,Meob,05/06/2009,2009,6,21,2
s39557,Meob,05/06/2009,2009,6,22,2
s39558,Meob,05/06/2009,2009,6,23,1
s39559,Meob,05/06/2009,2009,6,24,1
s39560,Meob,05/06/2009,2009,6,25,7
s39561,Meob,05/06/2009,2009,6,26,23
s39562,Meob,05/06/2009,2009,6,27,48
s39563,Meob,05/06/2009,2009,6,28,99
s39564,Meob,05/06/2009,2009,6,29,123
s39565,Meob,05/06/2009,2009,6,30,154
s39566,Meob,05/06/2009,2009,6,31,66
s39567,Meob,05/06/2009,2009,6,32,63
s39568,Meob,05/06/2009,2009,6,33,34
s39569,Meob,05/06/2009,2009,6,34,17
s39570,Meob,05/06/2009,2009,6,35,16
s39571,Meob,05/06/2009,2009,6,36,13
s39572,Meob,05/06/2009,2009,6,37,32
s39573,Meob,05/06/2009,2009,6,38,47
s39574,Meob,05/06/2009,2009,6,39,61
s39575,Meob,05/06/2009,2009,6,40,45
s39576,Meob,05/06/2009,2009,6,41,38
s39577,Meob,05/06/2009,2009,6,42,34
s39578,Meob,05/06/2009,2009,6,43,37
s39579,Meob,05/06/2009,2009,6,44,30
s39580,Meob,05/06/2009,2009,6,45,21
s39581,Meob,05/06/2009,2009,6,46,16
s39582,Meob,05/06/2009,2009,6,47,8
s39583,Meob,05/06/2009,2009,6,48,17
s39584,Meob,05/06/2009,2009,6,49,10
s39585,Meob,05/06/2009,2009,6,50,12
s39586,Meob,05/06/2009,2009,6,51,9
s39587,Meob,05/06/2009,2009,6,52,13
s39588,Meob,05/06/2009,2009,6,53,10
s39589,Meob,05/06/2009,2009,6,54,6
s39590,Meob,05/06/2009,2009,6,55,9
s39591,Meob,05/06/2009,2009,6,56,5
s39592,Meob,05/06/2009,2009,6,57,5
s39593,Meob,05/06/2009,2009,6,58,1
s39594,Meob,05/06/2009,2009,6,59,3
s39595,Meob,05/06/2009,2009,6,60,3
s39596,Meob,05/06/2009,2009,6,61,1
s39597,Meob,26/08/2009,2009,8,62,2
s39598,Meob,26/08/2009,2009,8,16,0
s39599,Meob,26/08/2009,2009,8,17,0
s39600,Meob,26/08/2009,2009,8,18,0
s39601,Meob,26/08/2009,2009,8,19,0
s39602,Meob,26/08/2009,2009,8,20,0
s39603,Meob,26/08/2009,2009,8,21,0
s39604,Meob,26/08/2009,2009,8,22,4
s39605,Meob,26/08/2009,2009,8,23,0
s39606,Meob,26/08/2009,2009,8,24,3
s39607,Meob,26/08/2009,2009,8,25,8
s39608,Meob,26/08/2009,2009,8,26,15
s39609,Meob,26/08/2009,2009,8,27,26
s39610,Meob,26/08/2009,2009,8,28,70
s39611,Meob,26/08/2009,2009,8,29,99
s39612,Meob,26/08/2009,2009,8,30,99
s39613,Meob,26/08/2009,2009,8,31,47
s39614,Meob,26/08/2009,2009,8,32,31
s39615,Meob,26/08/2009,2009,8,33,6
s39616,Meob,26/08/2009,2009,8,34,6
s39617,Meob,26/08/2009,2009,8,35,11
s39618,Meob,26/08/2009,2009,8,36,13
s39619,Meob,26/08/2009,2009,8,37,17
s39620,Meob,26/08/2009,2009,8,38,22
s39621,Meob,26/08/2009,2009,8,39,16
s39622,Meob,26/08/2009,2009,8,40,15
s39623,Meob,26/08/2009,2009,8,41,27
s39624,Meob,26/08/2009,2009,8,42,20
s39625,Meob,26/08/2009,2009,8,43,17
s39626,Meob,26/08/2009,2009,8,44,8
s39627,Meob,26/08/2009,2009,8,45,14
s39628,Meob,26/08/2009,2009,8,46,8
s39629,Meob,26/08/2009,2009,8,47,6
s39630,Meob,26/08/2009,2009,8,48,8
s39631,Meob,26/08/2009,2009,8,49,4
s39632,Meob,26/08/2009,2009,8,50,6
s39633,Meob,26/08/2009,2009,8,51,6
s39634,Meob,26/08/2009,2009,8,52,5
s39635,Meob,26/08/2009,2009,8,53,3
s39636,Meob,26/08/2009,2009,8,54,1
s39637,Meob,26/08/2009,2009,8,55,2
s39638,Meob,26/08/2009,2009,8,56,2
s39639,Meob,26/08/2009,2009,8,57,4
s39640,Meob,26/08/2009,2009,8,58,0
s39641,Meob,26/08/2009,2009,8,59,0
s39642,Meob,26/08/2009,2009,8,60,0
s39643,Meob,26/08/2009,2009,8,61,0
s39644,Meob,26/08/2009,2009,8,62,0
s39645,Meob,15/10/2009,2009,10,16,0
s39646,Meob,15/10/2009,2009,10,17,0
s39647,Meob,15/10/2009,2009,10,18,0
s39648,Meob,15/10/2009,2009,10,19,0
s39649,Meob,15/10/2009,2009,10,20,3
s39650,Meob,15/10/2009,2009,10,21,6
s39651,Meob,15/10/2009,2009,10,22,9
s39652,Meob,15/10/2009,2009,10,23,5
s39653,Meob,15/10/2009,2009,10,24,5
s39654,Meob,15/10/2009,2009,10,25,37
s39655,Meob,15/10/2009,2009,10,26,64
s39656,Meob,15/10/2009,2009,10,27,115
s39657,Meob,15/10/2009,2009,10,28,239
s39658,Meob,15/10/2009,2009,10,29,275
s39659,Meob,15/10/2009,2009,10,30,197
s39660,Meob,15/10/2009,2009,10,31,97
s39661,Meob,15/10/2009,2009,10,32,42
s39662,Meob,15/10/2009,2009,10,33,28
s39663,Meob,15/10/2009,2009,10,34,34
s39664,Meob,15/10/2009,2009,10,35,32
s39665,Meob,15/10/2009,2009,10,36,45
s39666,Meob,15/10/2009,2009,10,37,53
s39667,Meob,15/10/2009,2009,10,38,64
s39668,Meob,15/10/2009,2009,10,39,78
s39669,Meob,15/10/2009,2009,10,40,40
s39670,Meob,15/10/2009,2009,10,41,53
s39671,Meob,15/10/2009,2009,10,42,40
s39672,Meob,15/10/2009,2009,10,43,43
s39673,Meob,15/10/2009,2009,10,44,16
s39674,Meob,15/10/2009,2009,10,45,21
s39675,Meob,15/10/2009,2009,10,46,18
s39676,Meob,15/10/2009,2009,10,47,6
s39677,Meob,15/10/2009,2009,10,48,11
s39678,Meob,15/10/2009,2009,10,49,8
s39679,Meob,15/10/2009,2009,10,50,6
s39680,Meob,15/10/2009,2009,10,51,11
s39681,Meob,15/10/2009,2009,10,52,4
s39682,Meob,15/10/2009,2009,10,53,1
s39683,Meob,15/10/2009,2009,10,54,5
s39684,Meob,15/10/2009,2009,10,55,2
s39685,Meob,15/10/2009,2009,10,56,2
s39686,Meob,15/10/2009,2009,10,57,0
s39687,Meob,15/10/2009,2009,10,58,0
s39688,Meob,15/10/2009,2009,10,59,1
s39689,Meob,15/10/2009,2009,10,60,0
s39690,Meob,15/10/2009,2009,10,61,0
s39691,Meob,15/10/2009,2009,10,62,0
s39692,Meob,30/12/2009,2009,12,16,0
s39693,Meob,30/12/2009,2009,12,17,0
s39694,Meob,30/12/2009,2009,12,18,0
s39695,Meob,30/12/2009,2009,12,19,0
s39696,Meob,30/12/2009,2009,12,20,0
s39697,Meob,30/12/2009,2009,12,21,2
s39698,Meob,30/12/2009,2009,12,22,1
s39699,Meob,30/12/2009,2009,12,23,0
s39700,Meob,30/12/2009,2009,12,24,2
s39701,Meob,30/12/2009,2009,12,25,0
s39702,Meob,30/12/2009,2009,12,26,2
s39703,Meob,30/12/2009,2009,12,27,9
s39704,Meob,30/12/2009,2009,12,28,23
s39705,Meob,30/12/2009,2009,12,29,30
s39706,Meob,30/12/2009,2009,12,30,46
s39707,Meob,30/12/2009,2009,12,31,38
s39708,Meob,30/12/2009,2009,12,32,22
s39709,Meob,30/12/2009,2009,12,33,15
s39710,Meob,30/12/2009,2009,12,34,6
s39711,Meob,30/12/2009,2009,12,35,3
s39712,Meob,30/12/2009,2009,12,36,15
s39713,Meob,30/12/2009,2009,12,37,9
s39714,Meob,30/12/2009,2009,12,38,13
s39715,Meob,30/12/2009,2009,12,39,8
s39716,Meob,30/12/2009,2009,12,40,15
s39717,Meob,30/12/2009,2009,12,41,9
s39718,Meob,30/12/2009,2009,12,42,8
s39719,Meob,30/12/2009,2009,12,43,13
s39720,Meob,30/12/2009,2009,12,44,8
s39721,Meob,30/12/2009,2009,12,45,3
s39722,Meob,30/12/2009,2009,12,46,9
s39723,Meob,30/12/2009,2009,12,47,3
s39724,Meob,30/12/2009,2009,12,48,5
s39725,Meob,30/12/2009,2009,12,49,0
s39726,Meob,30/12/2009,2009,12,50,1
s39727,Meob,30/12/2009,2009,12,51,1
s39728,Meob,30/12/2009,2009,12,52,0
s39729,Meob,30/12/2009,2009,12,53,0
s39730,Meob,30/12/2009,2009,12,54,0
s39731,Meob,30/12/2009,2009,12,55,0
s39732,Meob,30/12/2009,2009,12,56,1
s39733,Meob,30/12/2009,2009,12,57,0
s39734,Meob,30/12/2009,2009,12,58,0
s39735,Meob,30/12/2009,2009,12,59,0
s39736,Meob,30/12/2009,2009,12,60,1
s39737,Meob,30/12/2009,2009,12,61,0
s39738,Meob,30/12/2009,2009,12,62,0
